,id,title,vendor,prod_type,publish,price (MYR),compare_at_price (MYR),weight (grams),available,sku
0,7865667256541,MHD Universal WiFi OBDII Flash Adapter,MHD,Tuning Box Accessories,2022-09-23T05:02:43+01:00,388.00,388.00,100,True,MHD03
1,8035286286557,Bootmod3 BMW MINI Wireless OBDII Wifi Enet CANbus Flash Adapter,Bootmod3,ECU Remap,2023-03-21T08:44:42+00:00,567.00,574.00,1000,True,BM3-WIFI-2
2,8035286286557,Bootmod3 BMW MINI Wireless OBDII Wifi Enet CANbus Flash Adapter,Bootmod3,ECU Remap,2023-03-21T08:44:42+00:00,464.00,,1000,False,BM3-WIFI-3
3,4676529061978,Integrated Engineering IE POWERlink V4 Flash Tune Cable | With Mobile Flashing,Integrated Engineering,,2020-05-09T21:04:09+01:00,785.00,872.00,1000,True,IESOVU7
4,8080304636125,xHP BMW OBDII Flashtool WiFi Adapter,xHP,Tuning Box Accessories,2023-07-11T12:03:29+01:00,299.00,246.00,2000,True,xHP-Flashtool
5,1478713245786,"Bootmod3 Remap/Tune License For BMW S55 F80 F82 F87 - FREE ENET CABLE (M2 COMPETITION, M3 & M4)",Bootmod3,ECU Remap,2018-03-09T11:29:25+00:00,2802.00,,100,True,BM3-S55
6,1752182227034,"Bootmod3 Remap/Tune License For BMW B58 F20 F30 F32 G01 G02 G30 - FREE ENET CABLE (M140i, M240i, 340i, 440i, 540i, 640i, 740i, 840I & X3 M40i)",Bootmod3,ECU Remap,2019-04-06T23:00:13+01:00,2802.00,,1000,True,BM3-B58
7,1491448430682,"Bootmod3 Remap/Tuning License For BMW N55 F Chassis - FREE ENET CABLE (M2, M135i, M235i, 335i, 435i, 535i, 640i, X3, X4, X5 & X6)",Bootmod3,ECU Remap,2018-03-09T11:29:25+00:00,2922.00,,1000,True,BM3-N55
8,4663852105818,ML Performance BMW F & G Series BM3 OBDII to ENET Cable,ML Performance,Tuning Box Accessories,2020-04-30T20:59:06+01:00,145.00,148.00,1000,True,MLP0100
9,10468129876,"BMS BMW B38 B46 B48 B58 JB+ - 3 Wire Version (Inc. M140i, M240i, 340i, 440i & 540i)",BMS,Tuning Box,2016-07-19T23:59:00+01:00,1060.00,,1000,False,F-B48B58-JBP
10,8735646279,BMS BMW N54 N55 3.5 Bar TMAP Adapter (135i & 335i),BMS,Tuning Box Accessories,2016-07-19T23:59:00+01:00,194.00,,1000,False,E-N54-JB4UG-TMAP-35
11,4340437090394,MHD BMW XHP Bimmercode Wireless OBDII Wifi Flash Adapter,MHD,Tuning Box Accessories,2019-11-13T11:42:09+00:00,313.00,,1000,False,MHD01
12,4340437090394,MHD BMW XHP Bimmercode Wireless OBDII Wifi Flash Adapter,MHD,Tuning Box Accessories,2019-11-13T11:42:09+00:00,313.00,,1000,False,MHD02
13,7993316743,"BMS BMW N54 JB4 Tuning Box (1M, 135i, 335i & Z4)",BMS,Tuning Box,2016-07-19T23:59:00+01:00,2263.00,,2000,False,E-N54-JB4
14,9210005898,"BMS BMW B58 B38 B46 B48 JB4 Tuning Box (M140i, 220i, M240i, 330e, 320i, 340i & 440i)",BMS,Tuning Box,2016-07-19T23:59:00+01:00,2499.00,,2000,False,F-B46B48B58-JB4
15,10303531466,"BMS Audi Porsche VW 1.8 & 2.0 TSI Group 1-6 JB4 Tuning Box (Inc. MK7 GOLF R, 8V S3, Macan & Seat Leon)",BMS,Tuning Box,2016-07-19T23:59:00+01:00,1832.00,1832.00,1000,True,VAG-JB4
16,9191376458,"BMS BMW N20 N55 JB+ (M135i, 220i, 228i, M235i, 320i, 328i, 335i, 420i, 428i, 435i, 535i & 640i)",BMS,Tuning Box,2016-07-19T23:59:00+01:00,1129.00,,1000,False,F-N55-JBP
17,1907455459418,"Bootmod3 Remap/Tune License For BMW B48 B46 - FREE ENET CABLE (120i, 125i, 220i, 225i, 320i, 330i, 420i, 430i, 520i, 530i, X3/X4, 20i, 30i)",Bootmod3,ECU Remap,2019-07-25T12:37:18+01:00,2802.00,,1000,True,BM3-B48
18,8326370631,BMS BMW N54 JB4 G5 2STEP/No Lift Shifting Relay (135i & 335i),BMS,Tuning Box Accessories,2016-07-19T23:59:00+01:00,213.00,,1000,False,E-N54-JB4UG-2SR-MT
19,10302909130,"BMS BMW N55 B58 JB4 EWG Add On Connector (M135i, M140i, M240i & 335i)",BMS,Tuning Box Accessories,2016-07-19T23:59:00+01:00,248.00,,1000,False,F-N55-F30-JB4-EW-AOC
20,8564675527,"BMS BMW N55 JB4 Tuning Box for Electronic Wastegate (M135i, M235i, M2, 335i & 435i)",BMS,Tuning Box,2016-07-19T23:59:00+01:00,2499.00,,2000,False,F-N55-F30-JB4-EW
21,1478937935962,Bootmod3 BMW OBD AGENT WIFI ADAPTER,Bootmod3,ECU Remap,2018-03-09T11:29:25+00:00,882.00,,1000,False,BM3-WIFI
22,1651982434394,"Bootmod3 Remap/Tuning License For BMW N20 N26 F Chassis - FREE ENET CABLE (125i, 220i, 228i, 320i, 328i, 420i, 428i, 520i, 528i)",Bootmod3,ECU Remap,2018-03-09T11:29:25+00:00,2802.00,,1000,True,BM3-003
23,8326827399,BMS BMW N54 JB4 Anti-Lag Kit (135i & 335i),BMS,Tuning Box Accessories,2016-07-19T23:59:00+01:00,220.00,,1000,False,E-N54-JB4UG-AL
24,7877357633757,"Bootmod3 OTS Maps Bundle For BMW B58 F20 F30 G01 G30 (Inc. M140i, 340i, 540i & X3 M40i)",Bootmod3,ECU Remap,2022-10-03T09:13:49+01:00,343.00,346.00,1000,True,BM3-B58-OTS
25,8078119043293,Masata Universal Spark Plug Gapping Tool Kit (with Feeler Gauge),Masata,Spark Plug & Ignition,2023-08-25T06:10:57+01:00,118.00,125.00,1000,True,MST9007
26,11074056596,BMS Audi BMW Mini Volkswagen JB4 OBDII Cable,BMS,Tuning Box Accessories,2016-07-19T23:59:00+01:00,189.00,199.00,1000,False,F-OBDII
27,11074056596,BMS Audi BMW Mini Volkswagen JB4 OBDII Cable,BMS,Tuning Box Accessories,2016-07-19T23:59:00+01:00,85.00,244.00,1000,False,BMS075
28,11074056596,BMS Audi BMW Mini Volkswagen JB4 OBDII Cable,BMS,Tuning Box Accessories,2016-07-19T23:59:00+01:00,238.00,261.00,1000,False,BMS137
29,1801632809050,"Bootmod3 Remap/Tuning License For BMW S63TU F10 F12 F85 F86 - FREE ENET CABLE (M5, M6, X5M & X6M)",Bootmod3,ECU Remap,2019-05-10T21:20:43+01:00,4174.00,,1000,True,BM3-S63TU
30,1569371357274,"BMS BMW Mini B38 B46 B48 JB+ - 4 Wire Version (Inc. M135ix, 228i, M235ix, X1, X2, One, Cooper, Clubman & Countryman)",BMS,Tuning Box,2016-07-19T23:59:00+01:00,1129.00,,1000,False,MINI-B48-JBP
31,7877350719709,"Bootmod3 OTS Maps Bundle For BMW N55 F Chassis (Inc. M135i, M2, 535i & 640i)",Bootmod3,ECU Remap,2022-10-03T08:54:45+01:00,343.00,346.00,1000,True,BM3-N55-OTS
32,5403293483167,Sprint Booster BMW E/F/G Chassis Pedal Tuner 2002+,Sprint Booster,Tuning Box,2020-07-17T13:14:25+01:00,1109.00,1193.00,2000,True,RSBD401
33,5403293483167,Sprint Booster BMW E/F/G Chassis Pedal Tuner 2002+,Sprint Booster,Tuning Box,2020-07-17T13:14:25+01:00,1109.00,1193.00,2000,True,RSBD402
34,1779394773082,"Bootmod3 Remap/Tuning License For BMW N13 F Chassis - FREE ENET CABLE (114i, 116i, 118i, 316i & 320i)",Bootmod3,ECU Remap,2019-04-25T14:32:16+01:00,2326.00,,1000,True,BM3-N13
35,9598283530,"BMS BMW S55 JB4 Tuning Box F80 F82 F83 (M2 Competition, M3 & M4)",BMS,Tuning Box,2016-11-29T00:22:00+00:00,2357.00,2976.00,2000,False,F-S55-JB4
36,7166721786015,Bootmod3 Remap/Tune License For MINI B46 B48 F54 F55 F56 F57 F60 Cooper S JCW - FREE ENET CABLE,Bootmod3,ECU Remap,2021-10-31T13:19:35+00:00,2802.00,,1000,True,BM3-B48-MINI
37,4676312957018,"Integrated Engineering IE Audi B8 B8.5 C7 3.0T Supercharged Performance ECU Remote Tune (S4, S5, A6, A7, Q5 & SQ5)",Integrated Engineering,ECU Remap,2020-05-09T20:35:05+01:00,3920.00,4355.00,2400,True,IESOVJ11
38,4676312957018,"Integrated Engineering IE Audi B8 B8.5 C7 3.0T Supercharged Performance ECU Remote Tune (S4, S5, A6, A7, Q5 & SQ5)",Integrated Engineering,ECU Remap,2020-05-09T20:35:05+01:00,4356.00,4840.00,2400,True,IESOVJ12
39,4676312957018,"Integrated Engineering IE Audi B8 B8.5 C7 3.0T Supercharged Performance ECU Remote Tune (S4, S5, A6, A7, Q5 & SQ5)",Integrated Engineering,ECU Remap,2020-05-09T20:35:05+01:00,4792.00,5324.00,2400,True,IESOVJ13
40,11495047956,"BMS BMW N55 B48 B58 JB4 Fuel Pressure Connector (M135i, M140i, 335i & 440i)",BMS,Tuning Box Accessories,2016-07-19T23:59:00+01:00,130.00,130.00,1000,True,F-N55-F30-JB4-EW-FPC
41,11495047956,"BMS BMW N55 B48 B58 JB4 Fuel Pressure Connector (M135i, M140i, 335i & 440i)",BMS,Tuning Box Accessories,2016-07-19T23:59:00+01:00,224.00,261.00,1000,False,F-B48-F30-JB4-EW-FPC
42,11495047956,"BMS BMW N55 B48 B58 JB4 Fuel Pressure Connector (M135i, M140i, 335i & 440i)",BMS,Tuning Box Accessories,2016-07-19T23:59:00+01:00,130.00,129.00,1000,True,F-B58-F30-JB4-EW-FPC
43,7967975702749,"Masata BMW N55 F20 F30 F36 F87 Panel Air Dry Filter (M135i, M2, M235i, 335i & 435i)",Masata,Intake System,2023-01-19T04:33:53+00:00,194.00,199.00,1000,True,MST2002
44,7967967314141,"Masata BMW S55 F10 F12 F80 F82 Panel Air Dry Filters (Inc. M3, M4, M5 & M6)",Masata,Intake System,2023-01-19T04:34:10+00:00,388.00,398.00,1000,True,MST2001
45,7877354553565,"Bootmod3 OTS Maps Bundle For BMW S55 F80 F82 F87 (M2 Competition, M3 & M4)",Bootmod3,ECU Remap,2022-10-03T08:59:05+01:00,686.00,691.00,100,True,BM3-S55-OTS
46,10303397642,"BMS BMW N20 N26 N55 S55 Type B JB1 Stage 1 Tuner (M2 Competition, M135i, M235i, 335i, 435i, M3 & M4)",BMS,Tuning Box,2016-07-19T23:59:00+01:00,1885.00,,2000,False,F-S55-JB1
47,8326661703,BMS BMW N54 JB4 Speed Limit Defeat Wires (135i & 335i),BMS,Tuning Box Accessories,2016-07-19T23:59:00+01:00,70.00,69.00,1000,True,E-N54-JB4UG-SLD
48,7105636466847,"Integrated Engineering IE Audi B9 3.0T ECU Tune with TCU Stage 1 (S4, S5 & SQ5)",Integrated Engineering,ECU Remap,2021-09-30T10:37:55+01:00,3920.00,4355.00,100,True,IESOVZ11
49,7105636466847,"Integrated Engineering IE Audi B9 3.0T ECU Tune with TCU Stage 1 (S4, S5 & SQ5)",Integrated Engineering,ECU Remap,2021-09-30T10:37:55+01:00,4356.00,4840.00,100,True,IESOVZ12
50,7105636466847,"Integrated Engineering IE Audi B9 3.0T ECU Tune with TCU Stage 1 (S4, S5 & SQ5)",Integrated Engineering,ECU Remap,2021-09-30T10:37:55+01:00,4792.00,5324.00,100,True,IESOVZ13
51,7105636466847,"Integrated Engineering IE Audi B9 3.0T ECU Tune with TCU Stage 1 (S4, S5 & SQ5)",Integrated Engineering,ECU Remap,2021-09-30T10:37:55+01:00,5663.00,6293.00,100,True,IESOVZ14
52,4676543905882,Integrated Engineering IE Audi Volkswagen 2.0T TSI Gen3 IS38 MQB Performance ECU Remote Tune (MK7/MK7.5 Golf R & 8V/8V.5 S3),Integrated Engineering,ECU Remap,2020-05-09T21:15:38+01:00,2454.00,2727.00,100,True,IESOVN21
53,4676543905882,Integrated Engineering IE Audi Volkswagen 2.0T TSI Gen3 IS38 MQB Performance ECU Remote Tune (MK7/MK7.5 Golf R & 8V/8V.5 S3),Integrated Engineering,ECU Remap,2020-05-09T21:15:38+01:00,2830.00,3144.00,100,True,IESOVN22
54,8217809479,"BMS BMW N55 E82 E84 E90 E92 JB4 (Inc. 135i, 335i & X1)",BMS,Tuning Box,2016-07-19T23:59:00+01:00,2263.00,,2000,False,E-N55-JB4-A
55,8217809479,"BMS BMW N55 E82 E84 E90 E92 JB4 (Inc. 135i, 335i & X1)",BMS,Tuning Box,2016-07-19T23:59:00+01:00,2263.00,,1000,False,E-N55-JB4-B
56,1725437870170,"MLP BMW N54 N55 JB4/MHD Custom Remote Tuning/Remap (1M, Z4, 135i & 335i)",ML Performance,ECU Remap,2016-07-19T23:59:00+01:00,2594.00,2620.00,1000,True,MLP901
57,1725437870170,"MLP BMW N54 N55 JB4/MHD Custom Remote Tuning/Remap (1M, Z4, 135i & 335i)",ML Performance,ECU Remap,2016-07-19T23:59:00+01:00,2594.00,2620.00,1000,True,MLP902
58,1725437870170,"MLP BMW N54 N55 JB4/MHD Custom Remote Tuning/Remap (1M, Z4, 135i & 335i)",ML Performance,ECU Remap,2016-07-19T23:59:00+01:00,2594.00,2620.00,1000,True,MLP903
59,1725437870170,"MLP BMW N54 N55 JB4/MHD Custom Remote Tuning/Remap (1M, Z4, 135i & 335i)",ML Performance,ECU Remap,2016-07-19T23:59:00+01:00,2594.00,2620.00,1000,True,MLP904
60,1725437870170,"MLP BMW N54 N55 JB4/MHD Custom Remote Tuning/Remap (1M, Z4, 135i & 335i)",ML Performance,ECU Remap,2016-07-19T23:59:00+01:00,2827.00,2858.00,1000,True,MLP905
61,1725437870170,"MLP BMW N54 N55 JB4/MHD Custom Remote Tuning/Remap (1M, Z4, 135i & 335i)",ML Performance,ECU Remap,2016-07-19T23:59:00+01:00,2827.00,2858.00,1000,True,MLP906
62,1725437870170,"MLP BMW N54 N55 JB4/MHD Custom Remote Tuning/Remap (1M, Z4, 135i & 335i)",ML Performance,ECU Remap,2016-07-19T23:59:00+01:00,2827.00,2858.00,100,True,MLP907
63,1725437870170,"MLP BMW N54 N55 JB4/MHD Custom Remote Tuning/Remap (1M, Z4, 135i & 335i)",ML Performance,ECU Remap,2016-07-19T23:59:00+01:00,2827.00,2858.00,1000,True,MLP908
64,4584506228826,"Bootmod3 Remap/Tune License For BMW S58 F97 F98 G80 G82 - FREE ENET CABLE (M3, M4, X3M & X4M)",Bootmod3,ECU Remap,2020-03-10T15:42:42+00:00,2802.00,,100,True,BM3-S58
65,5991200260255,"Sprint Booster Porsche Pedal V3 Tuner (inc. 911 Carrera, Boxter, Cayman, Macan & Panamera)",Sprint Booster,Tuning Box,2020-12-12T09:39:43+00:00,930.00,930.00,2000,True,RSBD165
66,1337724600410,Bluespark BMW B58 Pro Petrol Tuning Module F20 F21 M140i,Bluespark,Tuning Box,2016-07-19T23:59:00+01:00,826.00,870.00,1000,True,pt-8468
67,1337724600410,Bluespark BMW B58 Pro Petrol Tuning Module F20 F21 M140i,Bluespark,Tuning Box,2016-07-19T23:59:00+01:00,1062.00,1118.00,1000,True,pt-8468-BT
68,311758520351,BMS BMW N55 JB4 Tuning Box for Pneumatic Wastegate (M135i & 335i),BMS,Tuning Box,2016-07-19T23:59:00+01:00,2645.00,,2000,False,F-N55-F30-JB4-PW
69,11393645012,BMS BMW N54 JB3->JB4 Power Wire,BMS,Tuning Box Accessories,2017-07-17T16:07:00+01:00,95.00,,1000,False,N54-JB4-JB3PW
70,5256065613983,"Bootmod3 Remap/Tuning License For BMW S63TU4 F90 F91 F95 - FREE ENET CABLE (M5, M8, X5M, & X6M)",Bootmod3,ECU Remap,2025-01-22T06:34:23+00:00,4174.00,,1000,True,BM3-S63TU4
71,9228526922,"BMS BMW N54 JB+ (1M, 135i, 335i & Z4)",BMS,Tuning Box,2016-07-19T23:59:00+01:00,771.00,1039.00,1000,False,E-N54-JBP
72,5991277592735,"Sprint Booster Porsche Pedal V3 Tuner (inc, 911 Carrera (996), 911 Turbo 996t & Boxter (986))",Sprint Booster,Tuning Box,2020-12-12T09:45:02+00:00,1109.00,1193.00,2000,True,RSBD166
73,4677177606234,Integrated Engineering IE Audi Volkswagen 2.0T FSI K04 Performance ECU Remote Tune (MK6 Golf R & 8J TTS),Integrated Engineering,ECU Remap,2020-05-10T14:39:43+01:00,1958.00,2175.00,100,True,IESOVC21
74,4677177606234,Integrated Engineering IE Audi Volkswagen 2.0T FSI K04 Performance ECU Remote Tune (MK6 Golf R & 8J TTS),Integrated Engineering,ECU Remap,2020-05-10T14:39:43+01:00,2176.00,2418.00,100,True,IESOVC22
75,4677177606234,Integrated Engineering IE Audi Volkswagen 2.0T FSI K04 Performance ECU Remote Tune (MK6 Golf R & 8J TTS),Integrated Engineering,ECU Remap,2020-05-10T14:39:43+01:00,2454.00,2727.00,100,True,IESOVC23
76,4676592336986,"Integrated Engineering IE Audi 2.0T TSI EA888 Gen1/2 B8 B8.5 Performance ECU Remote Remap Tune (A4 & A5, 8R Q5, C7 A6 & Allroad)",Integrated Engineering,ECU Remap,2020-05-09T22:14:28+01:00,1958.00,2175.00,100,True,IESOVT21
77,4676592336986,"Integrated Engineering IE Audi 2.0T TSI EA888 Gen1/2 B8 B8.5 Performance ECU Remote Remap Tune (A4 & A5, 8R Q5, C7 A6 & Allroad)",Integrated Engineering,ECU Remap,2020-05-09T22:14:28+01:00,2176.00,2418.00,100,True,IESOVT22
78,4676592336986,"Integrated Engineering IE Audi 2.0T TSI EA888 Gen1/2 B8 B8.5 Performance ECU Remote Remap Tune (A4 & A5, 8R Q5, C7 A6 & Allroad)",Integrated Engineering,ECU Remap,2020-05-09T22:14:28+01:00,2830.00,3144.00,100,True,IESOVT23
79,7877360779485,"Bootmod3 OTS Maps Bundle For BMW B48 F Chassis (Inc. 125i, 320i, 430i & 530i)",Bootmod3,ECU Remap,2022-10-03T09:21:09+01:00,343.00,346.00,1000,True,BM3-B48-OTS
80,7105586200735,"Integrated Engineering IE Audi B9 AL552 ZF8 Transmission Tune (S4, S5 & SQ5)",Integrated Engineering,TCU Remap,2021-09-30T10:34:22+01:00,3048.00,3386.00,100,True,IESOWB1
81,5303244062879,"Integrated Engineering IE Audi Volkswagen 8V MK7 DSG DQ250 Transmission Tune (A3, Golf, Golf R & GTI)",Integrated Engineering,ECU Remap,2020-06-18T01:59:03+01:00,2612.00,2902.00,100,True,IESOVX2
82,5302856188063,Integrated Engineering IE Audi 3.0T B8 B8.5 DSG Tune - S-Tronic Transmission (S4 & S5),Integrated Engineering,TCU Remap,2020-06-17T22:05:02+01:00,3048.00,3386.00,2400,True,IESOVW1
83,4535145005146,Bootmod3 Remap/Tuning License For Toyota B58 A90/J29 Supra - FREE ENET CABLE,Bootmod3,ECU Remap,2020-01-29T10:01:37+00:00,2802.00,,1000,True,BM3-SUPRA
84,1587879510106,"BMS Audi Group 7 JB4 REV2 SENT (B9 S4, S5, SQ5, RS4 & RS5)",BMS,Tuning Box,2016-07-19T23:59:00+01:00,2994.00,,1000,False,BMS029
85,11393739988,BMS BMW N54 N55 S55 JB4 Port Injection Control Module,BMS,Tuning Box Accessories,2017-08-10T14:18:02+01:00,1653.00,,2000,False,N54-JB4-PICM
86,9191419722,"BMS BMW JB Diesel (JBD) Tuner (330d, 335d and X5d)",BMS,Tuning Box,2016-07-19T23:59:00+01:00,1318.00,,1000,False,E-JBD
87,8062627184861,"Masata BMW S58 G80 G82 G83 G87 Panel Air Dry Filters (Inc. M2, M3 Competition, M4 & M4 Competition)",Masata,Intake System,2023-11-17T07:24:27+00:00,289.00,299.00,1800,True,MST2008
88,5363696271519,"BMS BMW N54 N55 S55 4 Bar TMAP Adapter and Sensor Kit (1M, M2, M2 Competition, M3, M4, 135i, M235i, 335i, 335i & 435i)",BMS,Tuning Box Accessories,2020-07-07T18:29:22+01:00,604.00,,1000,False,BMS121
89,5363696271519,"BMS BMW N54 N55 S55 4 Bar TMAP Adapter and Sensor Kit (1M, M2, M2 Competition, M3, M4, 135i, M235i, 335i, 335i & 435i)",BMS,Tuning Box Accessories,2020-07-07T18:29:22+01:00,604.00,,1000,False,BMS122
90,5363696271519,"BMS BMW N54 N55 S55 4 Bar TMAP Adapter and Sensor Kit (1M, M2, M2 Competition, M3, M4, 135i, M235i, 335i, 335i & 435i)",BMS,Tuning Box Accessories,2020-07-07T18:29:22+01:00,224.00,,1000,False,BMS183
91,5363696271519,"BMS BMW N54 N55 S55 4 Bar TMAP Adapter and Sensor Kit (1M, M2, M2 Competition, M3, M4, 135i, M235i, 335i, 335i & 435i)",BMS,Tuning Box Accessories,2020-07-07T18:29:22+01:00,224.00,,1000,False,BMS184
92,5303321002143,"Integrated Engineering IE Audi Volkswagen 8V MK7 DSG DQ381 Transmission Tune (A3, S3, GLI, GTI & Golf R)",Integrated Engineering,ECU Remap,2020-06-18T01:59:03+01:00,2612.00,2902.00,100,True,IESOVX3
93,1564752674906,Bluespark BMW N55 Pro Petrol Tuning Module F20 F21 M135i,Bluespark,Tuning Box,2016-07-19T23:59:00+01:00,826.00,870.00,1000,True,pt-799
94,1564752674906,Bluespark BMW N55 Pro Petrol Tuning Module F20 F21 M135i,Bluespark,Tuning Box,2016-07-19T23:59:00+01:00,1062.00,1118.00,1000,True,pt-799-BT
95,10721742356,BMS MINI F56 B38 B46 B48 JB4 Tuning Box (MINI Cooper S & JCW),BMS,Tuning Box,2016-07-19T23:59:00+01:00,2100.00,,2000,False,MINI-B48-JB4
96,1587894845530,"BMS Audi & VW Group 8 JB4 Gen3B Beta (A3, A4, A5, Passat & Polo GTI)",BMS,Tuning Box,2016-07-19T23:59:00+01:00,2263.00,,1000,False,BMS030
97,10720807444,"BMS BMW N20 N26 JB4 Tuning Box (220i, 320i, 420i & 520i)",BMS,Tuning Box,2016-07-19T23:59:00+01:00,2127.00,2148.00,3000,True,F-N20-JB4-PW
98,10720807444,"BMS BMW N20 N26 JB4 Tuning Box (220i, 320i, 420i & 520i)",BMS,Tuning Box,2016-07-19T23:59:00+01:00,2645.00,2782.00,3000,False,F-N20-JB4-EW
99,5991466303647,"Sprint Booster Audi Pedal Tuner (Inc. 8V A3, B9 A4 & B8 A4)",Sprint Booster,Tuning Box,2020-12-12T11:28:27+00:00,1109.00,1193.00,2000,True,RSBD202
100,4677168136282,Integrated Engineering IE Audi 2.5T 5 Cylinder Turbo Performance ECU Remote Tune (8V.5 RS3 & 8S TTRS),Integrated Engineering,ECU Remap,2020-05-10T14:39:30+01:00,3048.00,3386.00,100,True,IESOVO21
101,4677168136282,Integrated Engineering IE Audi 2.5T 5 Cylinder Turbo Performance ECU Remote Tune (8V.5 RS3 & 8S TTRS),Integrated Engineering,ECU Remap,2020-05-10T14:39:30+01:00,3484.00,3871.00,100,True,IESOVO22
102,4596267515994,Evolve BMW E90 E92 E93 M3 Evolve-R ECU Remote Remap,Evolve,ECU Remap,2020-03-19T22:40:37+00:00,2441.00,,1000,False,EVEE9XM3CATPIPE-1
103,4596267515994,Evolve BMW E90 E92 E93 M3 Evolve-R ECU Remote Remap,Evolve,ECU Remap,2020-03-19T22:40:37+00:00,3000.00,,1000,False,EVEE9XM3CATPIPE-2
104,4596267515994,Evolve BMW E90 E92 E93 M3 Evolve-R ECU Remote Remap,Evolve,ECU Remap,2020-03-19T22:40:37+00:00,2441.00,,1000,False,EVEE9XM3CATPIPE-3
105,4596267515994,Evolve BMW E90 E92 E93 M3 Evolve-R ECU Remote Remap,Evolve,ECU Remap,2020-03-19T22:40:37+00:00,3000.00,,1000,False,EVEE9XM3CATPIPE-4
106,1623681073242,BMS BMW F90 F91 F92 F93 JB4 Tuning Box (M5 & M8),BMS,Tuning Box,2016-07-19T23:59:00+01:00,4246.00,,3000,False,BMS037
107,344897880095,"BMS Audi Volkswagen Seat 1.8T 2.0TSI JB1 STAGE 1 Group 1-6 (MK7 Golf, 8V A3, S1 & S3)",BMS,Tuning Box,2016-07-19T23:59:00+01:00,1607.00,1883.00,1000,False,VAG-JB1
108,9844569930,BMS BMW S63TU JB4 Tuning Box & BCM Module (inc. F10 M5 & F06/F12/F13 M6),BMS,Tuning Box Accessories,2016-11-29T00:22:00+00:00,3302.00,,2000,False,F-S63-JB4
109,8138044637405,CANchecked Toyota A90 A91 GR Supra MFD32 GEN 2 Display - LHD,CANchecked,Tuning Box,2023-07-27T08:22:27+01:00,2569.00,2595.00,6000,True,CANchecked-CC37024
110,7877368774877,"Bootmod3 OTS Maps Bundle For BMW S63TU F10 F12 F85 F86 (M5, M6, X5M & X6M)",Bootmod3,ECU Remap,2022-10-03T09:34:23+01:00,1029.00,1037.00,1000,True,BM3-S63TU-OTS
111,7877341905117,"Bootmod3 OTS Maps Bundle For BMW N20 N26 F Chassis (Inc. 125i, 328i, 420i & 528i)",Bootmod3,ECU Remap,2022-10-03T08:37:22+01:00,343.00,346.00,1000,True,BM3-N20N26-OTS
112,6961318199455,BMS Toyota GR Yaris JB4 Tuning Box (BETA),BMS,Tuning Box Accessories,2021-07-21T09:21:26+01:00,2604.00,2629.00,2000,True,BMS186
113,6632818278559,BMS Toyota A90 Supra JB4 Tuning Box,BMS,Tuning Box Accessories,2021-03-29T13:53:22+01:00,2252.00,,2000,False,BMS171
114,6148352147615,BMS BMW S58 G80 G82 JB4 Tuning Box (M3 Competition & M4 Competition),BMS,Tuning Box Accessories,2021-02-03T12:48:37+00:00,3774.00,,2000,False,BMS156
115,4677199757402,"Integrated Engineering IE Audi Volkswagen 2.0T TSI TFSI EA888 Gen 1/2 Performance ECU Remote Tune (MK6 GTI, Jetta, GLI, B6 Passat, 3C CC, 5N Tiguan, 8P A3 & 8U Q3)",Integrated Engineering,ECU Remap,2020-05-10T14:39:46+01:00,1958.00,2175.00,100,True,IESOVT11
116,4677199757402,"Integrated Engineering IE Audi Volkswagen 2.0T TSI TFSI EA888 Gen 1/2 Performance ECU Remote Tune (MK6 GTI, Jetta, GLI, B6 Passat, 3C CC, 5N Tiguan, 8P A3 & 8U Q3)",Integrated Engineering,ECU Remap,2020-05-10T14:39:46+01:00,2176.00,2418.00,100,True,IESOVT12
117,4677199757402,"Integrated Engineering IE Audi Volkswagen 2.0T TSI TFSI EA888 Gen 1/2 Performance ECU Remote Tune (MK6 GTI, Jetta, GLI, B6 Passat, 3C CC, 5N Tiguan, 8P A3 & 8U Q3)",Integrated Engineering,ECU Remap,2020-05-10T14:39:46+01:00,2830.00,3144.00,100,True,IESOVT13
118,4640953565274,Evolve BMW B48 G30 G31 530E 252HP ECU Remote Remap,Evolve,ECU Remap,2020-04-16T11:14:53+01:00,2232.00,,1000,False,EVOLVERG2X530E
119,4593904058458,"Bootmod3 Remap/Tuning License For BMW N63TU F01 F10 F12 F15 F16 FREE ENET CABLE (550i, 650i, 750i, X5 50i & X6 50i)",Bootmod3,ECU Remap,2020-03-17T23:16:27+00:00,4174.00,,1000,True,BM3-N63TU
120,1339092861018,Bluespark BMW B58 Pro Petrol Tuning Module F22 F23 M240i,Bluespark,Tuning Box,2016-07-19T23:59:00+01:00,826.00,870.00,1000,True,pt-8473
121,1339092861018,Bluespark BMW B58 Pro Petrol Tuning Module F22 F23 M240i,Bluespark,Tuning Box,2016-07-19T23:59:00+01:00,1062.00,1118.00,1000,True,pt-8473-BT
122,1338300727386,"BMS Kia Hyundai Turbo JB4 (Stinger, Genesis & Veloster N)",BMS,Tuning Box,2017-07-17T16:07:00+01:00,2499.00,,1000,False,KIA-JB4
123,1338295222362,"BMS Mercedes-Benz C/E/V Class JB4  2015+ (Inc. C250, C300, C400, C43 & GLA 43 AMG)",BMS,Tuning Box,2017-07-17T16:07:00+01:00,2075.00,2877.00,1000,False,MB-JB4
124,1338295222362,"BMS Mercedes-Benz C/E/V Class JB4  2015+ (Inc. C250, C300, C400, C43 & GLA 43 AMG)",BMS,Tuning Box,2017-07-17T16:07:00+01:00,2735.00,2877.00,1000,False,BMS-146
125,7913037201629,"Masata MR13 BMW S58 G80 G82 G87 Tuning Box (M2, M3 Competition, M4 & M4 Competition)",Masata,Tuning Box,2022-10-31T13:39:49+00:00,1307.00,1292.00,1000,True,MST7000
126,7877362843869,"Bootmod3 OTS Maps Bundle For BMW N63TU F01 F10 F15 F16 (Inc. 550i, 650i, X5 50i & X6 50i)",Bootmod3,ECU Remap,2022-10-03T09:25:47+01:00,1029.00,1037.00,1000,True,BM3-N63TU-OTS
127,7167942557855,Mosselman BMW F-Chassis iControl Pro Exhaust Valve & Start/Stop Controller,Mosselman,Tuning Box Accessories,2021-11-01T11:20:57+00:00,1363.00,,1000,False,ITC.3.30.PRO
128,7167942557855,Mosselman BMW F-Chassis iControl Pro Exhaust Valve & Start/Stop Controller,Mosselman,Tuning Box Accessories,2021-11-01T11:20:57+00:00,1363.00,,1000,False,ITC.3.30.PRO-2
129,7167931121823,Mosselman BMW F-Chassis iControl Exhaust Valve Controller,Mosselman,Tuning Box Accessories,2021-11-01T11:09:43+00:00,1119.00,,1000,False,ITC.3.30.EXV
130,7105644888223,Integrated Engineering IE Audi C7 C7.5 4.0T EA824 DL501 DSG Tune (S6 & S7),Integrated Engineering,TCU Remap,2021-09-30T10:39:43+01:00,3048.00,3386.00,100,True,IESOVW2
131,7016148402335,BMS BMW S58 F97 F98 JB4 Tuning Box (X3 M & X4 M),BMS,Tuning Box Accessories,2021-08-17T12:32:45+01:00,3774.00,,2000,False,BMS189
132,5825284931743,Ventura BMW F40 M135ix Tuning Box,Ventura,Tuning Box,2020-10-30T08:34:33+00:00,3364.00,3399.00,2000,True,BMW-110219
133,5418990010527,"Sprint Booster Audi Lamborghini Porsche Pedal Tuner (inc. B9 A4/A5, B9 Q5/SQ5/S5/RS5 & Urus)",Sprint Booster,Tuning Box,2020-07-21T13:41:04+01:00,1109.00,1193.00,2000,True,RSBD174
134,5303293903007,"Integrated Engineering IE Audi Volkswagen 8J MK6 DSG DQ250 Transmission Tune (Jetta, GLI, GTI & TTS)",Integrated Engineering,ECU Remap,2020-06-18T01:59:03+01:00,2454.00,2727.00,100,True,IESOVX1
135,4633087377498,Evolve BMW F Chassis ZF8 Automatic Transmission Remote Gearbox Remap,Evolve,TCU Remap,2020-04-12T02:30:54+01:00,1056.00,,1000,False,ZF8TCU
136,4592239280218,"BMS Audi & VAG 1.8T & 2.0T EA888 JB1 to JB4 Upgrade Kit (MK7 Golf, A3, S1 & S3)",BMS,Tuning Box,2020-03-16T12:08:41+00:00,638.00,,1000,False,BMS093
137,4592239280218,"BMS Audi & VAG 1.8T & 2.0T EA888 JB1 to JB4 Upgrade Kit (MK7 Golf, A3, S1 & S3)",BMS,Tuning Box,2020-03-16T12:08:41+00:00,638.00,,1000,False,BMS094
138,4592239280218,"BMS Audi & VAG 1.8T & 2.0T EA888 JB1 to JB4 Upgrade Kit (MK7 Golf, A3, S1 & S3)",BMS,Tuning Box,2020-03-16T12:08:41+00:00,638.00,,1000,False,BMS095
139,4592239280218,"BMS Audi & VAG 1.8T & 2.0T EA888 JB1 to JB4 Upgrade Kit (MK7 Golf, A3, S1 & S3)",BMS,Tuning Box,2020-03-16T12:08:41+00:00,638.00,,1000,False,BMS096
140,4592239280218,"BMS Audi & VAG 1.8T & 2.0T EA888 JB1 to JB4 Upgrade Kit (MK7 Golf, A3, S1 & S3)",BMS,Tuning Box,2020-03-16T12:08:41+00:00,638.00,,1000,False,BMS097
141,4592239280218,"BMS Audi & VAG 1.8T & 2.0T EA888 JB1 to JB4 Upgrade Kit (MK7 Golf, A3, S1 & S3)",BMS,Tuning Box,2020-03-16T12:08:41+00:00,638.00,,1000,False,BMS098
142,4589590839386,BMS BMW Mercedes-Benz Mini B38 B46 B48 B58 F90 N20 N54 N55 N63 S55 S63TU JB4 Replacement Control Board,BMS,Tuning Box Accessories,2020-03-13T17:39:09+00:00,827.00,870.00,2000,False,BMS077
143,4589590839386,BMS BMW Mercedes-Benz Mini B38 B46 B48 B58 F90 N20 N54 N55 N63 S55 S63TU JB4 Replacement Control Board,BMS,Tuning Box Accessories,2020-03-13T17:39:09+00:00,827.00,870.00,2000,False,BMS078
144,4589590839386,BMS BMW Mercedes-Benz Mini B38 B46 B48 B58 F90 N20 N54 N55 N63 S55 S63TU JB4 Replacement Control Board,BMS,Tuning Box Accessories,2020-03-13T17:39:09+00:00,827.00,870.00,2000,False,BMS079
145,4589590839386,BMS BMW Mercedes-Benz Mini B38 B46 B48 B58 F90 N20 N54 N55 N63 S55 S63TU JB4 Replacement Control Board,BMS,Tuning Box Accessories,2020-03-13T17:39:09+00:00,827.00,870.00,2000,False,BMS080
146,4589590839386,BMS BMW Mercedes-Benz Mini B38 B46 B48 B58 F90 N20 N54 N55 N63 S55 S63TU JB4 Replacement Control Board,BMS,Tuning Box Accessories,2020-03-13T17:39:09+00:00,827.00,870.00,2000,False,BMS081
147,4589590839386,BMS BMW Mercedes-Benz Mini B38 B46 B48 B58 F90 N20 N54 N55 N63 S55 S63TU JB4 Replacement Control Board,BMS,Tuning Box Accessories,2020-03-13T17:39:09+00:00,827.00,870.00,2000,False,BMS082
148,4589590839386,BMS BMW Mercedes-Benz Mini B38 B46 B48 B58 F90 N20 N54 N55 N63 S55 S63TU JB4 Replacement Control Board,BMS,Tuning Box Accessories,2020-03-13T17:39:09+00:00,827.00,870.00,2000,False,BMS083
149,4589590839386,BMS BMW Mercedes-Benz Mini B38 B46 B48 B58 F90 N20 N54 N55 N63 S55 S63TU JB4 Replacement Control Board,BMS,Tuning Box Accessories,2020-03-13T17:39:09+00:00,827.00,870.00,2000,False,BMS084
150,4589590839386,BMS BMW Mercedes-Benz Mini B38 B46 B48 B58 F90 N20 N54 N55 N63 S55 S63TU JB4 Replacement Control Board,BMS,Tuning Box Accessories,2020-03-13T17:39:09+00:00,827.00,870.00,2000,False,BMS085
151,4589590839386,BMS BMW Mercedes-Benz Mini B38 B46 B48 B58 F90 N20 N54 N55 N63 S55 S63TU JB4 Replacement Control Board,BMS,Tuning Box Accessories,2020-03-13T17:39:09+00:00,827.00,870.00,2000,False,BMS086
152,4589590839386,BMS BMW Mercedes-Benz Mini B38 B46 B48 B58 F90 N20 N54 N55 N63 S55 S63TU JB4 Replacement Control Board,BMS,Tuning Box Accessories,2020-03-13T17:39:09+00:00,636.00,641.00,2000,True,BMS087
153,4589590839386,BMS BMW Mercedes-Benz Mini B38 B46 B48 B58 F90 N20 N54 N55 N63 S55 S63TU JB4 Replacement Control Board,BMS,Tuning Box Accessories,2020-03-13T17:39:09+00:00,827.00,870.00,2000,False,BMS088
154,4589590839386,BMS BMW Mercedes-Benz Mini B38 B46 B48 B58 F90 N20 N54 N55 N63 S55 S63TU JB4 Replacement Control Board,BMS,Tuning Box Accessories,2020-03-13T17:39:09+00:00,827.00,870.00,2000,False,BMS089
155,4589590839386,BMS BMW Mercedes-Benz Mini B38 B46 B48 B58 F90 N20 N54 N55 N63 S55 S63TU JB4 Replacement Control Board,BMS,Tuning Box Accessories,2020-03-13T17:39:09+00:00,827.00,870.00,2000,False,BMS090
156,4589590839386,BMS BMW Mercedes-Benz Mini B38 B46 B48 B58 F90 N20 N54 N55 N63 S55 S63TU JB4 Replacement Control Board,BMS,Tuning Box Accessories,2020-03-13T17:39:09+00:00,827.00,870.00,2000,False,BMS091
157,4589590839386,BMS BMW Mercedes-Benz Mini B38 B46 B48 B58 F90 N20 N54 N55 N63 S55 S63TU JB4 Replacement Control Board,BMS,Tuning Box Accessories,2020-03-13T17:39:09+00:00,827.00,870.00,2000,False,BMS092
158,1657264472154,BMS Audi Group 9 8S 8V.5 JB4 Tuning Box 400hp BETA (RS3 & TTRS),BMS,Tuning Box,2020-07-22T20:05:13+01:00,2087.00,2440.00,1000,False,BMS045
159,1657264472154,BMS Audi Group 9 8S 8V.5 JB4 Tuning Box 400hp BETA (RS3 & TTRS),BMS,Tuning Box,2020-07-22T20:05:13+01:00,2827.00,2854.00,1000,True,BMS050
160,1479166361690,BMS KIA JB4 Stinger Fuel Wires ADD-ON,BMS,Tuning Box Accessories,2016-07-19T23:59:00+01:00,213.00,,41,False,BMS012
161,1340077211738,"BMS Mercedes-Benz JB+ (W204 SLK 250, C250 & E250) 2011-2017",BMS,Tuning Box,2017-07-17T16:07:00+01:00,1118.00,1130.00,1000,True,MB-JBP
162,11091549588,Ventura BMW B48 Tuning Box F30 F31 (330e),Ventura,Tuning Box,2020-05-07T03:46:20+01:00,2276.00,2297.00,2000,True,V-F30-B48-330e
163,10932293460,"BMS BMW N55 JB4 (535i, 640i & X5)",BMS,Tuning Box,2017-06-14T19:39:05+01:00,2645.00,2782.00,2000,False,F-N55-F10-JB4-PW-A
164,10932293460,"BMS BMW N55 JB4 (535i, 640i & X5)",BMS,Tuning Box,2017-06-14T19:39:05+01:00,2645.00,2782.00,2000,False,F-N55-F10-JB4-PW-B
165,10932293460,"BMS BMW N55 JB4 (535i, 640i & X5)",BMS,Tuning Box,2017-06-14T19:39:05+01:00,866.00,2782.00,2000,False,F-N55-F10-JB4-EW
166,8193487339741,Bluespark BMW N57 F32 F33 435d 313PS CR Tech 2 Tuning Module,Bluespark,Tuning Box,2023-09-22T13:32:35+01:00,701.00,708.00,3000,False,CR-6631
167,8193487339741,Bluespark BMW N57 F32 F33 435d 313PS CR Tech 2 Tuning Module,Bluespark,Tuning Box,2023-09-22T13:32:35+01:00,934.00,944.00,3000,False,CR-6631-BT
168,8083854164189,Bluespark Mercedes A250 2.0 BlueEFFICIENCY 211PS Pro Petrol Tuning Module,Bluespark,Tuning Box,2023-06-26T06:39:45+01:00,826.00,870.00,1000,True,PT-2956
169,8083854164189,Bluespark Mercedes A250 2.0 BlueEFFICIENCY 211PS Pro Petrol Tuning Module,Bluespark,Tuning Box,2023-06-26T06:39:45+01:00,1062.00,1118.00,1000,True,PT-2956-BT
170,7913090777309,Masata MR13 Audi 8Y RS3 2.5 TFSI Tuning Box,Masata,Tuning Box,2022-11-10T06:12:09+00:00,1422.00,,1000,False,MST7009
171,7913086779613,Masata MR13 Toyota GR Yaris 1.6L Tuning Box,Masata,Tuning Box,2022-11-10T06:12:06+00:00,2480.00,,1000,False,MST7008
172,7913081995485,"Masata MR13 BMW B58 Tuning Box (Inc. M140i, M240i, 340i & 440i)",Masata,Tuning Box,2022-10-31T13:37:25+00:00,2480.00,,1000,False,MST7006
173,7913078751453,Masata MR13 Mercedes A35 AMG 2.0L Tuning Box,Masata,Tuning Box,2022-10-31T13:38:23+00:00,1943.00,1988.00,1000,True,MST7005
174,7913074426077,"Masata MR13 BMW B48 Tuning Box (Inc. 120i, 220i, 320i & 520i)",Masata,Tuning Box,2022-10-31T13:38:47+00:00,2480.00,,1000,False,MST7003
175,7913065382109,"Masata MR13 BMW Toyota B58 Tuning Box (Inc. G42 M240i, G20 M340i, G29 Z4 M40i & A90 GR Supra)",Masata,Tuning Box,2022-10-31T13:39:36+00:00,1267.00,1292.00,1000,False,MST7001
176,7877370773725,"Bootmod3 OTS Maps Bundle For BMW N13 F Chassis (Inc. 116i, 118i, 316i & 320i)",Bootmod3,ECU Remap,2022-10-03T09:40:07+01:00,343.00,346.00,1000,True,BM3-N13-OTS
177,7823833432285,Integrated Engineering IE Audi C7.5 CREC 3.0T Supercharged Performance ECU Tune (A6 & A7),Integrated Engineering,ECU Remap,2022-08-23T06:00:10+01:00,3920.00,4355.00,100,True,IESOVJ21
178,7823833432285,Integrated Engineering IE Audi C7.5 CREC 3.0T Supercharged Performance ECU Tune (A6 & A7),Integrated Engineering,ECU Remap,2022-08-23T06:00:10+01:00,4356.00,4840.00,100,True,IESOVJ22
179,7667308167389,Xatrix BMW N55 E90 E92 E93 335i Xatrix370 ECU Remap,Xatrix,,2023-09-21T07:32:00+01:00,2480.00,,0,False,XM0029
180,7603017154781,"BMS Audi Seat VW JB4 Tuning Box Group 18 (Inc. 8Y S3, Cupra Leon & MK8 Golf R)",BMS,Tuning Box Accessories,2022-03-03T10:27:35+00:00,2593.00,,2000,False,BMS191
181,7496171487453,Xatrix BMW S63 F90 M5 / M5 Competition Xatrix700 ECU Remap,Xatrix,,2023-09-21T07:33:02+01:00,3274.00,3308.00,0,True,XM0008
182,7130022674591,Evolve MINI N14 R56 ECU Remap & Evolve-R (Cooper S & Cooper S JCW),Evolve,ECU Remap,2021-10-08T14:11:17+01:00,2441.00,,1000,False,EVOLVERRJCW
183,7105650262175,Integrated Engineering IE Audi C7 C7.5 4.0T EA824 Stage 1 Performance ECU Tune (S6 & S7),Integrated Engineering,ECU Remap,2021-09-30T10:43:03+01:00,3920.00,4355.00,100,True,IESOVP11
184,6875826585759,BMS MINI B38 B48 B58 JB4 Tuning Box (Cooper S & JCW),BMS,Tuning Box,2021-06-21T06:23:53+01:00,2499.00,,2000,False,BMS180
185,6875826585759,BMS MINI B38 B48 B58 JB4 Tuning Box (Cooper S & JCW),BMS,Tuning Box,2021-06-21T06:23:53+01:00,2499.00,,2000,False,BMS181
186,6682212466847,Ventura BMW B48 G20 G21 330e Tuning Box,Ventura,Tuning Box,2021-04-14T06:56:30+01:00,2276.00,2297.00,2000,True,V-G30-B48-330e
187,6058935058591,Evolve BMW E90 E92 E93 M3 Evolve GTS DCT Gearbox Software,Evolve,ECU Remap,2021-01-05T06:30:56+00:00,559.00,,1000,False,EVOLVEE92M3GTS
188,5991291355295,"Sprint Booster Bentley Porsche Pedal V3 Tuner (Cayenne (E2), Continental GT & Brooklands)",Sprint Booster,Tuning Box,2020-12-12T09:50:21+00:00,1109.00,1193.00,2000,True,RSBD162
189,5927268745375,BMS Honda 2.0L Turbo FK8 Civic Type R JB4 Tuning Box,BMS,Tuning Box Accessories,2020-11-26T05:22:37+00:00,2499.00,,2000,False,BMS151
190,5920145047711,Bluespark VW 1.4TSI 150PS MK7 Golf Pro Petrol Tuning Module,Bluespark,Tuning Box,2020-11-24T11:09:20+00:00,826.00,870.00,1000,True,pt-6838
191,5920145047711,Bluespark VW 1.4TSI 150PS MK7 Golf Pro Petrol Tuning Module,Bluespark,Tuning Box,2020-11-24T11:09:20+00:00,1062.00,1118.00,1000,True,pt-6838-BT
192,5773315637407,Evolve BMW F90 M5 TCU Gearbox Remap,Evolve,ECU Remap,2020-10-16T12:11:32+01:00,1863.00,,1000,False,EVOLVEF90M5TCU
193,5672391016607,Evolve BMW Evolve-R Flash Cable,Evolve,Tuning Box Accessories,2020-09-21T14:52:14+01:00,824.00,,1000,False,EVOLVE-R-CABLE
194,5657096978591,Evolve BMW B48 F45 F46 220i 184HP ECU Remote Remap,Evolve,ECU Remap,2020-09-18T12:29:43+01:00,2232.00,,1000,False,EVOLVEF4X220IB48
195,5540213751967,Bluespark BMW N13 F20 F21 118i 136PS Pro Petrol Tuning Module,Bluespark,Tuning Box,2020-08-18T11:15:44+01:00,826.00,870.00,1000,True,pt-9427
196,5540213751967,Bluespark BMW N13 F20 F21 118i 136PS Pro Petrol Tuning Module,Bluespark,Tuning Box,2020-08-18T11:15:44+01:00,1062.00,1118.00,1000,True,pt-9427-BT
197,4686455570522,Integrated Engineering Audi 2.0T TSI B9 Gen 3 Performance ECU Remote Tune (A4 & A5),Integrated Engineering,ECU Remap,2020-05-16T04:37:17+01:00,2454.00,2727.00,2400,True,IESOVN31
198,4686455570522,Integrated Engineering Audi 2.0T TSI B9 Gen 3 Performance ECU Remote Tune (A4 & A5),Integrated Engineering,ECU Remap,2020-05-16T04:37:17+01:00,2830.00,3144.00,2400,True,IESOVN32
199,4676579360858,"Integrated Engineering IE Audi Volkswagen 2.0T IS20 MQB Performance ECU Remote Tune (MK7/MK7.5 Golf GTI, Golf GLI & 8V/8V.5 A3)",Integrated Engineering,ECU Remap,2020-05-09T21:51:35+01:00,2454.00,2727.00,100,True,IESOVN11
200,4676579360858,"Integrated Engineering IE Audi Volkswagen 2.0T IS20 MQB Performance ECU Remote Tune (MK7/MK7.5 Golf GTI, Golf GLI & 8V/8V.5 A3)",Integrated Engineering,ECU Remap,2020-05-09T21:51:35+01:00,2830.00,3144.00,100,True,IESOVN12
201,4676579360858,"Integrated Engineering IE Audi Volkswagen 2.0T IS20 MQB Performance ECU Remote Tune (MK7/MK7.5 Golf GTI, Golf GLI & 8V/8V.5 A3)",Integrated Engineering,ECU Remap,2020-05-09T21:51:35+01:00,3702.00,4113.00,100,True,IESOVN13
202,4654569717850,"BMS BMW N63 F01 F15 F16  F07 G12 G14 G30 JB4 Tuning Box (Inc. 550i, 650i M850i & X5 M50i)",BMS,Tuning Box Accessories,2020-04-24T15:02:24+01:00,2829.00,,2000,False,BMS104
203,4654569717850,"BMS BMW N63 F01 F15 F16  F07 G12 G14 G30 JB4 Tuning Box (Inc. 550i, 650i M850i & X5 M50i)",BMS,Tuning Box Accessories,2020-04-24T15:02:24+01:00,2829.00,,2000,False,BMS105
204,4654569717850,"BMS BMW N63 F01 F15 F16  F07 G12 G14 G30 JB4 Tuning Box (Inc. 550i, 650i M850i & X5 M50i)",BMS,Tuning Box Accessories,2020-04-24T15:02:24+01:00,2829.00,,2000,False,BMS106
205,4654569717850,"BMS BMW N63 F01 F15 F16  F07 G12 G14 G30 JB4 Tuning Box (Inc. 550i, 650i M850i & X5 M50i)",BMS,Tuning Box Accessories,2020-04-24T15:02:24+01:00,2829.00,,2000,False,BMS107
206,4654569717850,"BMS BMW N63 F01 F15 F16  F07 G12 G14 G30 JB4 Tuning Box (Inc. 550i, 650i M850i & X5 M50i)",BMS,Tuning Box Accessories,2020-04-24T15:02:24+01:00,2829.00,,2000,False,BMS108
207,4636861431898,Evolve BMW F10 M5 Stage 1 & Stage 2 ECU Remote Remap,Evolve,ECU Remap,2020-04-14T19:13:14+01:00,3350.00,,1000,False,EVOLVERF10M5-1
208,4636861431898,Evolve BMW F10 M5 Stage 1 & Stage 2 ECU Remote Remap,Evolve,ECU Remap,2020-04-14T19:13:14+01:00,3350.00,,1000,False,EVOLVERF10M5-3
209,4636861431898,Evolve BMW F10 M5 Stage 1 & Stage 2 ECU Remote Remap,Evolve,ECU Remap,2020-04-14T19:13:14+01:00,3350.00,,1000,False,EVOLVERF10M5-5
210,4636861431898,Evolve BMW F10 M5 Stage 1 & Stage 2 ECU Remote Remap,Evolve,ECU Remap,2020-04-14T19:13:14+01:00,3350.00,,1000,False,EVOLVERF10M5-7
211,4636861431898,Evolve BMW F10 M5 Stage 1 & Stage 2 ECU Remote Remap,Evolve,ECU Remap,2020-04-14T19:13:14+01:00,3350.00,,1000,False,EVOLVERF10M5-2
212,4636861431898,Evolve BMW F10 M5 Stage 1 & Stage 2 ECU Remote Remap,Evolve,ECU Remap,2020-04-14T19:13:14+01:00,3350.00,,1000,False,EVOLVERF10M5-4
213,4636861431898,Evolve BMW F10 M5 Stage 1 & Stage 2 ECU Remote Remap,Evolve,ECU Remap,2020-04-14T19:13:14+01:00,3350.00,,1000,False,EVOLVERF10M5-6
214,4636861431898,Evolve BMW F10 M5 Stage 1 & Stage 2 ECU Remote Remap,Evolve,ECU Remap,2020-04-14T19:13:14+01:00,3350.00,,1000,False,EVOLVERF10M5-8
215,4634848690266,Evolve BMW F06 F12 F13 M6 Stage 1 & Stage 2 ECU Remote Remap,Evolve,ECU Remap,2020-04-13T14:31:43+01:00,3350.00,,1000,False,EVOLVERF12M6-1
216,4634848690266,Evolve BMW F06 F12 F13 M6 Stage 1 & Stage 2 ECU Remote Remap,Evolve,ECU Remap,2020-04-13T14:31:43+01:00,3350.00,,1000,False,EVOLVERF12M6-3
217,4634848690266,Evolve BMW F06 F12 F13 M6 Stage 1 & Stage 2 ECU Remote Remap,Evolve,ECU Remap,2020-04-13T14:31:43+01:00,3350.00,,1000,False,EVOLVERF12M6-5
218,4634848690266,Evolve BMW F06 F12 F13 M6 Stage 1 & Stage 2 ECU Remote Remap,Evolve,ECU Remap,2020-04-13T14:31:43+01:00,3350.00,,1000,False,EVOLVERF12M6-7
219,4634848690266,Evolve BMW F06 F12 F13 M6 Stage 1 & Stage 2 ECU Remote Remap,Evolve,ECU Remap,2020-04-13T14:31:43+01:00,3350.00,,1000,False,EVOLVERF12M6-2
220,4634848690266,Evolve BMW F06 F12 F13 M6 Stage 1 & Stage 2 ECU Remote Remap,Evolve,ECU Remap,2020-04-13T14:31:43+01:00,3350.00,,1000,False,EVOLVERF12M6-4
221,4634848690266,Evolve BMW F06 F12 F13 M6 Stage 1 & Stage 2 ECU Remote Remap,Evolve,ECU Remap,2020-04-13T14:31:43+01:00,3350.00,,1000,False,EVOLVERF12M6-6
222,4634848690266,Evolve BMW F06 F12 F13 M6 Stage 1 & Stage 2 ECU Remote Remap,Evolve,ECU Remap,2020-04-13T14:31:43+01:00,3350.00,,1000,False,EVOLVERF12M6-8
223,4633098616922,Evolve BMW B48 G20 330i 258HP ECU Remote Remap,Evolve,ECU Remap,2020-04-12T02:50:52+01:00,2605.00,,1000,False,EVOLVERG2X330i
224,4546096103514,Evolve BMW N63 G14 G15 M850i ECU Performance Remap with Evolve-R,Evolve,ECU Remap,2020-02-06T14:09:11+00:00,5586.00,,1000,False,EVOLVERG15M850i
225,4488825176154,Bluespark BMW B48 F30 F31 320i 184PS Pro Petrol Tuning Module,Bluespark,Tuning Box,2019-12-27T21:56:38+00:00,826.00,870.00,1000,True,pt-8475
226,4488825176154,Bluespark BMW B48 F30 F31 320i 184PS Pro Petrol Tuning Module,Bluespark,Tuning Box,2019-12-27T21:56:38+00:00,1062.00,1118.00,1000,True,pt-8475-BT
227,4416444465242,"BMS BMW N13 F20 F21 JB+ (114i, 116i, 118i, 120i, 316i & 316Li)",BMS,Tuning Box,2019-11-25T22:14:31+00:00,1271.00,,1000,False,BMS065
228,1704521171034,Ventura BMW B48 Tuning Box F32 F33 F36 420i (2.0),Ventura,Tuning Box,2020-05-07T04:02:11+01:00,2276.00,2297.00,2000,True,VTR001
229,1675548655706,BMS Audi VW EA211 JB4 Beta (1.2 & 1.4 TFSI/TSI),BMS,Tuning Box,2016-07-19T23:59:00+01:00,1824.00,,1000,False,BMS048
230,1563097104474,Blackbox BMW E90 E92 325D (197PS) Diesel Tuner,Blackbox,Tuning Box,2016-07-19T23:59:00+01:00,1456.00,1473.00,1000,True,pb-626
231,11383367572,BMS Mini Cooper S N18 JB+,BMS,Tuning Box,2017-07-17T16:07:00+01:00,1495.00,,1000,False,MINI-N18-JB
232,8670240375005,Bluespark BMW G42 220i B48 184PS Pro Petrol Tuning Module,Bluespark,Tuning Box,2024-06-12T07:03:09+01:00,826.00,870.00,1000,True,PT-11344
233,8670240375005,Bluespark BMW G42 220i B48 184PS Pro Petrol Tuning Module,Bluespark,Tuning Box,2024-06-12T07:03:09+01:00,1062.00,1118.00,1000,True,PT-11344-BT
234,8403474022621,Bluespark BMW 218i 136PS 1.5 Bluespark Pro Petrol Tuning Module,Bluespark,Tuning Box,2024-03-14T08:16:05+00:00,826.00,870.00,3000,True,PT-8469
235,8403474022621,Bluespark BMW 218i 136PS 1.5 Bluespark Pro Petrol Tuning Module,Bluespark,Tuning Box,2024-03-14T08:16:05+00:00,1062.00,1118.00,3000,True,PT-8469-BT
236,8383897829597,Bootmod3 Remap/Tuning License For BMW N63T2 G11 G12 G30 - FREE ENET CABLE (M550 & 750I),Bootmod3,ECU Remap,2024-02-29T13:24:47+00:00,4174.00,,1000,True,BM3-N63T2
237,8368527016157,"Integrated Engineering IE Audi C8 4M 4.0T V8 EA825 ECU Tune (Inc. RS6, S8, SQ7 & RSQ8)",Integrated Engineering,ECU Remap,2024-02-20T05:14:37+00:00,6535.00,7262.00,100,True,IESOWC11
238,8361938976989,Bluespark Audi 8Y RS3 2.5 TFSI 400PS 3-Channel Pro Petrol Tuning Module,Bluespark,Tuning Box,2024-02-09T10:27:28+00:00,1888.00,1988.00,1000,True,24PT-11611
239,8361938976989,Bluespark Audi 8Y RS3 2.5 TFSI 400PS 3-Channel Pro Petrol Tuning Module,Bluespark,Tuning Box,2024-02-09T10:27:28+00:00,2124.00,2236.00,1000,True,24PT-11611-BT
240,8356693311709,Bluespark Mercedes 221 S350 BlueTEC 258PS 3Pro+ Boost Diesel Turbo Tuning Tuning Module,Bluespark,Tuning Box,2024-02-05T06:26:02+00:00,1322.00,1392.00,5000,True,PB-3189
241,8356693311709,Bluespark Mercedes 221 S350 BlueTEC 258PS 3Pro+ Boost Diesel Turbo Tuning Tuning Module,Bluespark,Tuning Box,2024-02-05T06:26:02+00:00,1558.00,1640.00,5000,True,PB-3190-BT
242,8322760147165,VUDU Performance Remap Software Tuning Tool,VUDU,Tuning & Remap,2024-01-02T22:20:47+00:00,2053.00,2231.00,200,True,SPFFSTMK7S1VP225-HT
243,8271429239005,"Xatrix BMW S58 G80 G82 G83 Xatrix675 ECU Remap (Inc. M3, M3 Competition & M4 Competition)",Xatrix,ECU Remap,2023-11-17T04:06:10+00:00,2947.00,2976.00,0,True,XM0032
244,8271429239005,"Xatrix BMW S58 G80 G82 G83 Xatrix675 ECU Remap (Inc. M3, M3 Competition & M4 Competition)",Xatrix,ECU Remap,2023-11-17T04:06:10+00:00,4715.00,4765.00,0,True,XM0033
245,8231328284893,Bluespark BMW G20 G21 M340i B58 374PS 3-Channel Pro Petrol Tuning Module3.0,Bluespark,Tuning Box,2023-10-24T06:17:40+01:00,1416.00,1491.00,1000,True,24PT-10822
246,8231328284893,Bluespark BMW G20 G21 M340i B58 374PS 3-Channel Pro Petrol Tuning Module3.0,Bluespark,Tuning Box,2023-10-24T06:17:40+01:00,1652.00,1739.00,1000,True,24PT-10822-BT
247,8198562644189,Bluespark VW Polo 1.2 TSI 105PS Bluespark Pro Petrol Tuning Module,Bluespark,Tuning Box,2023-10-02T10:16:59+01:00,826.00,870.00,3000,True,PT-6634
248,8198562644189,Bluespark VW Polo 1.2 TSI 105PS Bluespark Pro Petrol Tuning Module,Bluespark,Tuning Box,2023-10-02T10:16:59+01:00,1062.00,1118.00,3000,True,PT-6634-BT
249,8175546269917,Bluespark MINI Countryman 2.0 John Cooper Works 306PS 3-Channel Pro Petrol Turbo Tuning Module,Bluespark,Tuning Box,2023-08-29T14:32:18+01:00,1416.00,1491.00,1000,True,24PT-10818
250,8175546269917,Bluespark MINI Countryman 2.0 John Cooper Works 306PS 3-Channel Pro Petrol Turbo Tuning Module,Bluespark,Tuning Box,2023-08-29T14:32:18+01:00,1652.00,1739.00,1000,True,24PT-10818-BT
251,8175023423709,Bluespark MINI Clubman 2.0 John Cooper Works All4 231PS 3-Channel Pro Petrol Tuning Module,Bluespark,Tuning Box,2023-08-28T06:11:25+01:00,1416.00,1491.00,1000,True,24PT-8462
252,8175023423709,Bluespark MINI Clubman 2.0 John Cooper Works All4 231PS 3-Channel Pro Petrol Tuning Module,Bluespark,Tuning Box,2023-08-28T06:11:25+01:00,1652.00,1739.00,1000,True,24PT-8462-BT
253,8175023096029,Bluespark MINI Clubman 2.0 John Cooper Works All4 231PS Pro Petrol Tuning Module,Bluespark,Tuning Box,2023-08-28T06:02:01+01:00,826.00,870.00,1000,True,PT-8462
254,8175023096029,Bluespark MINI Clubman 2.0 John Cooper Works All4 231PS Pro Petrol Tuning Module,Bluespark,Tuning Box,2023-08-28T06:02:01+01:00,1062.00,1118.00,1000,True,PT-8462-BT
255,8088602083549,Bluespark Land Rover Range Rover Sport 3.6 TDV8 272PS Bluespark Pro Tuning Module,Bluespark,Tuning Box,2023-07-04T09:23:08+01:00,944.00,994.00,1000,True,P-2725
256,8088602083549,Bluespark Land Rover Range Rover Sport 3.6 TDV8 272PS Bluespark Pro Tuning Module,Bluespark,Tuning Box,2023-07-04T09:23:08+01:00,1180.00,1242.00,1000,True,P-2725-BT
257,8084076593373,Bluespark Ford Ranger Raptor 3.0 V6 ECOBOOST 4WD 292PS Pro Petrol Tuning Module,Bluespark,Tuning Box,2023-06-26T13:09:34+01:00,1888.00,1988.00,1000,True,PTS-12141
258,8084076593373,Bluespark Ford Ranger Raptor 3.0 V6 ECOBOOST 4WD 292PS Pro Petrol Tuning Module,Bluespark,Tuning Box,2023-06-26T13:09:34+01:00,2124.00,2236.00,1000,True,PTS-12141-BT
259,8072016101597,Bluespark Kia Stinger 3.3 T-GDi 4WD 370PS Pro Petrol Tuning Module,Bluespark,Tuning Box,2023-05-30T23:07:39+01:00,826.00,870.00,1000,True,PT-10285
260,8072016101597,Bluespark Kia Stinger 3.3 T-GDi 4WD 370PS Pro Petrol Tuning Module,Bluespark,Tuning Box,2023-05-30T23:07:39+01:00,1062.00,1118.00,1000,True,PT-10285-BT
261,8071338361053,"MLP BMW S55 F80 F82 F87 MHD Custom Remote Tuning (M2 Competition, M3 & M4)",ML Performance,ECU Remap,2023-05-29T06:57:16+01:00,2594.00,2620.00,1000,True,MLP922
262,8071338361053,"MLP BMW S55 F80 F82 F87 MHD Custom Remote Tuning (M2 Competition, M3 & M4)",ML Performance,ECU Remap,2023-05-29T06:57:16+01:00,2827.00,2858.00,1000,True,MLP923
263,8071338361053,"MLP BMW S55 F80 F82 F87 MHD Custom Remote Tuning (M2 Competition, M3 & M4)",ML Performance,ECU Remap,2023-05-29T06:57:16+01:00,2594.00,2620.00,1000,True,MLP924
264,8071338361053,"MLP BMW S55 F80 F82 F87 MHD Custom Remote Tuning (M2 Competition, M3 & M4)",ML Performance,ECU Remap,2023-05-29T06:57:16+01:00,2827.00,2858.00,1000,True,MLP925
265,8071337607389,"MLP BMW N55 F20 F22 F30 F32 MHD Custom Remote Tuning (Inc. M2, M135i, M235i, 335i & 435i)",ML Performance,ECU Remap,2023-05-29T06:44:36+01:00,2594.00,2620.00,1000,True,MLP926
266,8071337607389,"MLP BMW N55 F20 F22 F30 F32 MHD Custom Remote Tuning (Inc. M2, M135i, M235i, 335i & 435i)",ML Performance,ECU Remap,2023-05-29T06:44:36+01:00,2827.00,2858.00,1000,True,MLP927
267,8071337607389,"MLP BMW N55 F20 F22 F30 F32 MHD Custom Remote Tuning (Inc. M2, M135i, M235i, 335i & 435i)",ML Performance,ECU Remap,2023-05-29T06:44:36+01:00,2594.00,2620.00,1000,True,MLP928
268,8071337607389,"MLP BMW N55 F20 F22 F30 F32 MHD Custom Remote Tuning (Inc. M2, M135i, M235i, 335i & 435i)",ML Performance,ECU Remap,2023-05-29T06:44:36+01:00,2827.00,2858.00,1000,True,MLP929
269,8058093732061,Integrated Engineering IE Audi B9/B9.5 2.9T ECU Tune (RS5 & RS4),Integrated Engineering,ECU Remap,2023-04-28T11:07:51+01:00,3920.00,4355.00,100,True,IESOVZ21
270,8058093732061,Integrated Engineering IE Audi B9/B9.5 2.9T ECU Tune (RS5 & RS4),Integrated Engineering,ECU Remap,2023-04-28T11:07:51+01:00,4356.00,4840.00,100,True,IESOVZ22
271,8031998509277,"Integrated Engineering IE Audi 3.0T ZF8 AL551 TCU Tune (Inc. C7 A6, C7 A7, 8R Q5 & 8R SQ5)",Integrated Engineering,ECU Remap,2023-03-16T10:32:25+00:00,3048.00,3386.00,100,True,IESOWA1
272,7913092022493,Masata MR13 Ford Transit 2.0 EcoBlue Diesel Tuning Box,Masata,Tuning Box,2022-10-31T13:34:59+00:00,1422.00,,1000,False,MST7010
273,7913085272285,Masata MR13 Honda FK FC Civic 1.5 Turbo Tuning Box,Masata,Tuning Box,2022-10-31T13:36:00+00:00,2480.00,,1000,False,MST7007
274,7913077244125,"Masata MR13 Mercedes-AMG M139 2.0L Tuning Box (Inc. A45, CLA45 & GLA45)",Masata,Tuning Box,2022-10-31T13:38:36+00:00,1267.00,1292.00,1000,False,MST7004
275,7913070559453,"Masata MR13 BMW MINI B48E Tuning Box (F40 M135iX, F54 JCW Countryman & F60 JCW Clubman)",Masata,Tuning Box,2022-10-31T13:38:58+00:00,1307.00,1292.00,1000,True,MST7002
276,7877373526237,"Bootmod3 OTS Maps Bundle For BMW S58 F97 F98 G80 G82 (M3, M4, X3M & X4M)",Bootmod3,ECU Remap,2022-10-03T09:49:44+01:00,686.00,691.00,100,True,BM3-S58-OTS
277,7828131414237,K&N 21-3516 Boost Control Module,K&N,Filter,2022-08-25T16:09:56+01:00,1565.00,2087.00,1000,False,21-3516
278,7828131381469,K&N 21-3101 Boost Control Module,K&N,Filter,2022-08-25T16:09:54+01:00,1696.00,2261.00,1000,True,21-3101
279,7828131348701,K&N 21-2599 Boost Control Module,K&N,Filter,2022-08-25T16:09:52+01:00,1789.00,2385.00,1000,False,21-2599
280,7828131283165,K&N 21-2597 Boost Control Module,K&N,Filter,2022-08-25T16:09:50+01:00,1789.00,2385.00,1000,False,21-2597
281,7828131250397,K&N 21-2592 Boost Control Module,K&N,Filter,2022-08-25T16:09:48+01:00,1789.00,2385.00,1000,True,21-2592
282,7828131217629,K&N 21-2589 Boost Control Module,K&N,Filter,2022-08-25T16:09:46+01:00,1696.00,2261.00,1000,False,21-2589
283,7828131184861,K&N 21-1568 Boost Control Module,K&N,Filter,2022-08-25T16:09:44+01:00,3801.00,5068.00,1000,False,21-1568
284,7828131119325,K&N 20-9036 Throttle Control Module,K&N,Filter,2022-08-25T16:09:43+01:00,1435.00,1913.00,1000,False,20-9036
285,7828131086557,K&N 20-9026 Throttle Control Module,K&N,Filter,2022-08-25T16:09:41+01:00,1435.00,1913.00,1000,False,20-9026
286,7828131021021,K&N 20-3109 Throttle Control Module,K&N,Filter,2022-08-25T16:09:39+01:00,1435.00,1913.00,1000,False,20-3109
287,7828130988253,K&N 20-3082 Throttle Control Module,K&N,Filter,2022-08-25T16:09:37+01:00,1435.00,1913.00,1000,False,20-3082
288,7828130955485,K&N 20-2599 Throttle Control Module,K&N,Filter,2022-08-25T16:09:35+01:00,1435.00,1913.00,1000,False,20-2599
289,7828130889949,K&N 20-1576 Throttle Control Module,K&N,Filter,2022-08-25T16:09:33+01:00,1435.00,1913.00,1000,False,20-1576
290,7818399285469,Weistec Mercedes-Benz M177 Stage 2 W.2 ECU Tune (C63 & GLC63),Weistec,Tuning Box,2022-08-17T13:47:33+01:00,12142.00,12267.00,1000,True,5-177-00046-0
291,7818399285469,Weistec Mercedes-Benz M177 Stage 2 W.2 ECU Tune (C63 & GLC63),Weistec,Tuning Box,2022-08-17T13:47:33+01:00,14015.00,14155.00,1000,True,5-177-00046-0-2
292,7744227377373,"BMS Audi EA825 4.0TT V8 JB4 Tuning Box Group 15 (Inc. C8 RS6, SQ7, S8 & RS Q8)",BMS,Tuning Box Accessories,2022-06-22T14:04:47+01:00,5838.00,,2000,False,BMS192
293,7687758446813,Xatrix BMW S63 F90 M5 / M5 Competition Xatrix740 ECU Remap,Xatrix,,2023-09-21T07:31:57+01:00,3308.00,,0,True,XM0005
294,7672829018333,Xatrix BMW Toyota ECU Unlocking Service,Xatrix,ECU Remap,2023-10-12T08:28:20+01:00,4720.00,,0,True,XM0030
295,7672829018333,Xatrix BMW Toyota ECU Unlocking Service,Xatrix,ECU Remap,2023-10-12T08:28:20+01:00,7155.00,,0,True,XM0031
296,7619543105757,Mosselman BMW N53 E60 E90 E92 E93 Performance Package (325i & 525i),Mosselman,ECU Remap,2022-03-17T05:59:28+00:00,7300.00,,8000,False,020210006-1
297,7619543105757,Mosselman BMW N53 E60 E90 E92 E93 Performance Package (325i & 525i),Mosselman,ECU Remap,2022-03-17T05:59:28+00:00,7168.00,,8000,False,020210006-2
298,7619543105757,Mosselman BMW N53 E60 E90 E92 E93 Performance Package (325i & 525i),Mosselman,ECU Remap,2022-03-17T05:59:28+00:00,6524.00,,8000,False,020210006-3
299,7619543105757,Mosselman BMW N53 E60 E90 E92 E93 Performance Package (325i & 525i),Mosselman,ECU Remap,2022-03-17T05:59:28+00:00,6392.00,,8000,False,020210006-4
300,7619543105757,Mosselman BMW N53 E60 E90 E92 E93 Performance Package (325i & 525i),Mosselman,ECU Remap,2022-03-17T05:59:28+00:00,7300.00,,8000,False,020210006-5
301,7619543105757,Mosselman BMW N53 E60 E90 E92 E93 Performance Package (325i & 525i),Mosselman,ECU Remap,2022-03-17T05:59:28+00:00,7168.00,,8000,False,020210006-6
302,7619543105757,Mosselman BMW N53 E60 E90 E92 E93 Performance Package (325i & 525i),Mosselman,ECU Remap,2022-03-17T05:59:28+00:00,6524.00,,8000,False,020210006-7
303,7619543105757,Mosselman BMW N53 E60 E90 E92 E93 Performance Package (325i & 525i),Mosselman,ECU Remap,2022-03-17T05:59:28+00:00,6392.00,,8000,False,020210006-8
304,7600795615453,Xatrix BMW N57 F30 F31 F32 F36 Xatrix360 ECU Remap (335dx & 435dx),Xatrix,,2023-09-21T07:32:02+01:00,2480.00,,0,False,XM0028
305,7596980895965,Xatrix BMW N55 F30 ActiveHybrid 3 Xatrix400 ECU Remap,Xatrix,,2023-09-21T07:32:05+01:00,2480.00,,0,False,XM0027
306,7596970967261,Xatrix BMW N55 F30 F32 F36 Xatrix370 ECU Remap (335i & 435i),Xatrix,,2023-09-21T07:32:08+01:00,2480.00,,0,False,XM0026
307,7596965593309,Xatrix BMW B58 F30 F32 F36 X400 ECU Remap (340i & 440i),Xatrix,,2023-09-21T07:32:10+01:00,2480.00,,0,True,XM0025
308,7587603087581,Xatrix BMW S58 G80 G82 Xatrix600 ECU Remap (M3 Competition & M4 Competition),Xatrix,,2023-09-21T07:32:15+01:00,6207.00,,0,False,XM0024
309,7587520970973,Xatrix BMW S63 F90 M5 / M5 Competition Xatrix720 ECU Remap,Xatrix,,2023-09-21T07:32:17+01:00,3308.00,,0,True,XM0023
310,7546417676509,Xatrix BMW N54 ECU Remap (135i & 335i),Xatrix,,2023-09-21T07:32:24+01:00,3308.00,,0,False,XM0022
311,7546316128477,Xatrix BMW N54 Xatrix400 ECU Remap (135i & 335i),Xatrix,,2023-09-21T07:32:27+01:00,2455.00,2480.00,0,True,XM0021
312,7514956726493,Xatrix BMW N55 435i Xatrix500 ECU Remap,Xatrix,,2023-09-21T07:32:42+01:00,2455.00,2480.00,0,True,XM0020
313,7500935430365,Xatrix BMW S55 F87 M2 Competition Xatrix540 ECU Remap,Xatrix,,2023-09-21T07:32:47+01:00,2455.00,2480.00,0,True,XM0019
314,7496173682909,Xatrix BMW B58 G30 G31 540i Xatrix400 ECU Remap,Xatrix,,2023-09-21T07:32:59+01:00,2867.00,2894.00,0,True,XM0018
315,7496158314717,Xatrix BMW B48 G20 330e Xatrix340 ECU Remap,Xatrix,,2023-09-21T07:33:04+01:00,2455.00,2480.00,0,True,XM0017
316,7496144781533,Xatrix BMW B48 G20 318i Xatrix260 ECU Remap,Xatrix,,2023-09-21T07:33:07+01:00,2455.00,2480.00,0,True,XM0016
317,7496051785949,Xatrix BMW B47 G20 318d Xatrix190 ECU Remap,Xatrix,,2023-09-21T07:33:09+01:00,2455.00,2480.00,0,True,XM0015
318,7496049328349,Xatrix BMW B47 G20 320d Xatrix220 ECU Remap,Xatrix,,2023-09-21T07:33:11+01:00,2455.00,2480.00,0,True,XM0014
319,7496043266269,Xatrix BMW B48 G20 320i Xatrix280 ECU Remap,Xatrix,,2023-09-21T07:33:14+01:00,2455.00,2480.00,0,True,XM0013
320,7496001061085,Xatrix BMW B57 G20 330d Xatrix310 ECU Remap,Xatrix,,2023-09-21T07:33:16+01:00,2455.00,2480.00,0,True,XM0012
321,7495984120029,Xatrix BMW B48 G20 330i Xatrix310 ECU Remap,Xatrix,,2023-09-21T07:33:18+01:00,2455.00,2480.00,0,True,XM0011
322,7495917797597,Xatrix BMW B58 G20 M340i Xatrix400 ECU Remap,Xatrix,,2023-09-21T07:33:20+01:00,2455.00,2480.00,0,True,XM0010
323,7495737704669,Xatrix BMW N63 G14 G15 M850ix Xatrix680 ECU Remap,Xatrix,,2023-09-21T07:33:23+01:00,6146.00,6207.00,0,True,XM0009
324,7486947623133,Xatrix BMW N63 G30 G31 M550ix Xatrix540 ECU Remap,Xatrix,,2023-09-21T07:33:25+01:00,6146.00,6207.00,0,True,XM0007
325,7482766491869,Xatrix BMW S63 F91 F92 F93 M8 Competition Xatrix700 ECU Remap,Xatrix,,2023-09-21T07:33:27+01:00,8198.00,8281.00,0,True,XM0006
326,7482714357981,Xatrix BMW N55 F87 M2 Xatrix420 ECU Remap,Xatrix,,2023-09-21T07:33:29+01:00,2455.00,2480.00,0,True,XM0004
327,7482704855261,Xatrix BMW S55 F87 M2 Competition Xatrix520 ECU Remap,Xatrix,,2023-09-21T07:33:32+01:00,2455.00,2480.00,0,True,XM0003
328,7482662355165,Xatrix BMW S55 F80 F82 F83 Xatrix520 ECU Remap (M3 & M4),Xatrix,,2023-09-21T07:33:34+01:00,2455.00,2480.00,0,True,XM0002
329,7458223096029,Xatrix Toyota B58 A90 Supra Xatrix440 ECU Remap,Xatrix,,2023-09-21T07:33:36+01:00,2455.00,2480.00,0,True,XM0001
330,7430480855261,"Weistec BMW N20 F20 F22 F30 F32 ECU Tune (Inc. 125i, 220i, 328i & 428i)",Weistec,Tuning Box,2021-12-03T13:30:40+00:00,2797.00,2828.00,2000,True,05-420-00101-3
331,7430480855261,"Weistec BMW N20 F20 F22 F30 F32 ECU Tune (Inc. 125i, 220i, 328i & 428i)",Weistec,Tuning Box,2021-12-03T13:30:40+00:00,3264.00,3300.00,2000,True,05-420-00102-4
332,7430405161181,Weistec BMW S63TU F90 M5 ECU Tune,Weistec,Tuning Box,2021-12-03T13:28:43+00:00,10274.00,10379.00,2000,True,05-563-00145-9
333,7430405161181,Weistec BMW S63TU F90 M5 ECU Tune,Weistec,Tuning Box,2021-12-03T13:28:43+00:00,11208.00,11323.00,2000,True,05-563-00146-0
334,7430399623389,"Weistec BMW S63TU F10 F12 F15 F16 ECU Upgrade (M5, M6, X5 M & X6 M)",Weistec,Tuning Box,2021-12-03T13:26:45+00:00,5604.00,5659.00,2000,True,05-563-00069-4
335,7430399623389,"Weistec BMW S63TU F10 F12 F15 F16 ECU Upgrade (M5, M6, X5 M & X6 M)",Weistec,Tuning Box,2021-12-03T13:26:45+00:00,6538.00,6603.00,2000,True,05-563-00070-6
336,7430339559645,"Weistec BMW N63 4.4L ECU Tune (Inc. M550i, M750i & M850i)",Weistec,Tuning Box,2021-12-03T13:22:13+00:00,5604.00,5659.00,2000,True,05-463-00097-4
337,7430339559645,"Weistec BMW N63 4.4L ECU Tune (Inc. M550i, M750i & M850i)",Weistec,Tuning Box,2021-12-03T13:22:13+00:00,6071.00,6131.00,2000,True,05-463-00098-5
338,7430324748509,"Weistec BMW S55 F80 F82 F83 F87 ECU Tune (M2 Competition, M3 & M4)",Weistec,Tuning Box,2021-12-03T13:15:25+00:00,5604.00,5659.00,1000,True,05-555-00067-3
339,7430324748509,"Weistec BMW S55 F80 F82 F83 F87 ECU Tune (M2 Competition, M3 & M4)",Weistec,Tuning Box,2021-12-03T13:15:25+00:00,6538.00,6603.00,1000,True,05-555-00067-4
340,7430306627805,"Weistec BMW N55 F10 F20 F30 F87 ECU Tune (Inc. M135i, 335i, 535ix & M2)",Weistec,Tuning Box,2021-12-03T13:01:50+00:00,3732.00,3772.00,1000,True,05-455-00075-1
341,7430306627805,"Weistec BMW N55 F10 F20 F30 F87 ECU Tune (Inc. M135i, 335i, 535ix & M2)",Weistec,Tuning Box,2021-12-03T13:01:50+00:00,4203.00,4244.00,1000,True,05-455-00075-2
342,7430295060701,Weistec Cypher Handheld Programmer,Weistec,Tuning Box,2021-12-03T12:55:56+00:00,2693.00,2719.00,2000,True,05-000-00073-5
343,7167921225887,Mosselman BMW F-Chassis iControl Start/Stop Controller,Mosselman,Tuning Box Accessories,2021-11-01T10:58:38+00:00,484.00,,1000,False,ITC.3.30.SS
344,7017384312991,JHM Audi 4.2L FSI B8 B8.5 RS5 DSG TCU and Stage 2 ECU Tuning Bundle,JH Motorsports,Tuning Box,2021-08-18T08:56:01+01:00,6695.00,,2000,False,JHM-B8RS5ECUTCU2-PWRCNCTCBL-1
345,7017384312991,JHM Audi 4.2L FSI B8 B8.5 RS5 DSG TCU and Stage 2 ECU Tuning Bundle,JH Motorsports,Tuning Box,2021-08-18T08:56:01+01:00,6695.00,,2000,False,JHM-B8RS5ECUTCU2-PWRCNCTCBL-2
346,7017384312991,JHM Audi 4.2L FSI B8 B8.5 RS5 DSG TCU and Stage 2 ECU Tuning Bundle,JH Motorsports,Tuning Box,2021-08-18T08:56:01+01:00,5956.00,,2000,False,JHM-B8RS5ECUTCU2-1
347,7017384312991,JHM Audi 4.2L FSI B8 B8.5 RS5 DSG TCU and Stage 2 ECU Tuning Bundle,JH Motorsports,Tuning Box,2021-08-18T08:56:01+01:00,5956.00,,2000,False,JHM-B8RS5ECUTCU2-2
348,6947265085599,"BMS Audi VW 2.0TSI JB4 Tuning Box Group 13 (Inc. 8P S3, 5N Tiguan, MK6 Jetta GLI & MK6 Golf R)",BMS,Tuning Box Accessories,2021-07-16T09:37:54+01:00,2036.00,,2000,False,BMS185
349,6935668949151,"Weistec Mercedes-Benz M178 W.2 ECU Tune (C190 AMG GT, GT S & GT R)",Weistec,Tuning Box,2021-07-12T14:31:38+01:00,14721.00,14868.00,1000,True,05-178-00042-7
350,6721453588639,"BMS BMW N20 N26 N55 S55 Type A JB1 Stage 1 Tuner (Inc. 135i, 335i & 535i)",BMS,Tuning Box,2021-04-26T11:05:34+01:00,1885.00,,2000,False,F-S55-JB1-A
351,6682240647327,Ventura Mercedes-Benz C117 CLA 180 Tuning Box,Ventura,Tuning Box,2021-04-14T07:17:07+01:00,2276.00,2297.00,2000,True,V-C117-CLA180
352,6682230489247,Ventura Mercedes-Benz C118 CLA 180 Tuning Box,Ventura,Tuning Box,2021-04-14T07:12:12+01:00,2276.00,2297.00,2000,True,V-C118-CLA180
353,6582226124959,AC Schnitzer Toyota A90 GR Supra Performance Upgrade,AC Schnitzer,Tuning Box,2021-03-11T13:44:12+00:00,21434.00,21434.00,5000,True,1100190350-36
354,6579748372639,AC Schnitzer BMW F85 F86 650hp Performance Upgrade (X5 M & X6 M),AC Schnitzer,Tuning Box,2021-03-11T08:46:16+00:00,56003.00,56003.00,30000,True,1100286710-36
355,6564491657375,AC Schnitzer BMW F07 GT 550i 500hp Performance Upgrade,AC Schnitzer,Tuning Box,2021-03-05T13:13:16+00:00,94654.00,94595.00,100000,False,1100212550
356,6564491624607,AC Schnitzer BMW F07 GT 535i Performance Upgrade,AC Schnitzer,Tuning Box,2021-03-05T13:09:18+00:00,20065.00,20065.00,5000,True,110082340-36
357,6151870939295,"MLP BMW B58 JB4/MHD Custom Remote Tuning/Remap (inc. M140i(x), M240i(x), 340i(x), 440i(x), 540i(x) & 640i(x))",ML Performance,ECU Remap,2021-02-04T16:31:39+00:00,2355.00,2381.00,1000,True,MLP909
358,6151870939295,"MLP BMW B58 JB4/MHD Custom Remote Tuning/Remap (inc. M140i(x), M240i(x), 340i(x), 440i(x), 540i(x) & 640i(x))",ML Performance,ECU Remap,2021-02-04T16:31:39+00:00,2355.00,2381.00,1000,True,MLP910
359,6151870939295,"MLP BMW B58 JB4/MHD Custom Remote Tuning/Remap (inc. M140i(x), M240i(x), 340i(x), 440i(x), 540i(x) & 640i(x))",ML Performance,ECU Remap,2021-02-04T16:31:39+00:00,3304.00,3335.00,1000,True,MLP911
360,6151870939295,"MLP BMW B58 JB4/MHD Custom Remote Tuning/Remap (inc. M140i(x), M240i(x), 340i(x), 440i(x), 540i(x) & 640i(x))",ML Performance,ECU Remap,2021-02-04T16:31:39+00:00,3304.00,3335.00,1000,True,MLP912
361,6148242964639,"BMS Audi 4.0 TFSI C7 D4 JB4 Tuning Box Group 11 (Inc. S6, S7, RS6 & S8)",BMS,Tuning Box Accessories,2021-02-03T05:38:20+00:00,2829.00,,2000,False,BMS155
362,5991287947423,Sprint Booster Porsche 991 Carrera (992) Pedal V3 Tuner,Sprint Booster,Tuning Box,2020-12-12T09:49:12+00:00,797.00,1193.00,2000,True,RSBD167
363,5973886763167,"AC Schnitzer BMW F20 F21 Petrol Performance Upgrade (Inc. 116i, 118i, 120i & M135i)",AC Schnitzer,Tuning Box,2020-12-08T04:56:26+00:00,16525.00,16525.00,5000,True,110082380-36
364,5973886763167,"AC Schnitzer BMW F20 F21 Petrol Performance Upgrade (Inc. 116i, 118i, 120i & M135i)",AC Schnitzer,Tuning Box,2020-12-08T04:56:26+00:00,16525.00,16525.00,5000,True,110082380-36
365,5973886763167,"AC Schnitzer BMW F20 F21 Petrol Performance Upgrade (Inc. 116i, 118i, 120i & M135i)",AC Schnitzer,Tuning Box,2020-12-08T04:56:26+00:00,14747.00,14747.00,5000,True,1100220110-36
366,5973886763167,"AC Schnitzer BMW F20 F21 Petrol Performance Upgrade (Inc. 116i, 118i, 120i & M135i)",AC Schnitzer,Tuning Box,2020-12-08T04:56:26+00:00,16525.00,16525.00,5000,True,110082370-36
367,5973886763167,"AC Schnitzer BMW F20 F21 Petrol Performance Upgrade (Inc. 116i, 118i, 120i & M135i)",AC Schnitzer,Tuning Box,2020-12-08T04:56:26+00:00,16525.00,16525.00,5000,True,1100230360-36
368,5973886763167,"AC Schnitzer BMW F20 F21 Petrol Performance Upgrade (Inc. 116i, 118i, 120i & M135i)",AC Schnitzer,Tuning Box,2020-12-08T04:56:26+00:00,20065.00,20065.00,5000,True,1100230340-36
369,5973886763167,"AC Schnitzer BMW F20 F21 Petrol Performance Upgrade (Inc. 116i, 118i, 120i & M135i)",AC Schnitzer,Tuning Box,2020-12-08T04:56:26+00:00,20065.00,20065.00,5000,True,1100230350-36
370,5973886697631,"AC Schnitzer BMW F20 F21 Diesel Performance Upgrade (116d, 118d, 120d & 125d)",AC Schnitzer,Tuning Box,2020-12-07T14:29:32+00:00,16525.00,16525.00,5000,True,121410360-36
371,5973886697631,"AC Schnitzer BMW F20 F21 Diesel Performance Upgrade (116d, 118d, 120d & 125d)",AC Schnitzer,Tuning Box,2020-12-07T14:29:32+00:00,11258.00,11258.00,5000,True,121490170-36
372,5973886697631,"AC Schnitzer BMW F20 F21 Diesel Performance Upgrade (116d, 118d, 120d & 125d)",AC Schnitzer,Tuning Box,2020-12-07T14:29:32+00:00,16525.00,16525.00,5000,True,121490160-36
373,5973886697631,"AC Schnitzer BMW F20 F21 Diesel Performance Upgrade (116d, 118d, 120d & 125d)",AC Schnitzer,Tuning Box,2020-12-07T14:29:32+00:00,16525.00,16525.00,5000,True,121410360-36
374,5972884979871,AC Schnitzer BMW G14 G15 M850ix 620HP Performance Upgrade,AC Schnitzer,Tuning Box,2020-12-07T07:55:19+00:00,40646.00,40646.00,5000,True,1100315510-36
375,5959273316511,AC Schnitzer BMW F91 F92 F93 Performance Upgrade (M8 & M8 Competition),AC Schnitzer,Tuning Box,2020-12-04T12:57:14+00:00,48873.00,48873.00,5000,True,1100290710-36-M8
376,5959273316511,AC Schnitzer BMW F91 F92 F93 Performance Upgrade (M8 & M8 Competition),AC Schnitzer,Tuning Box,2020-12-04T12:57:14+00:00,48873.00,48873.00,5000,True,1100290710-36-M8-Comp
377,5958676316319,AC Schnitzer BMW F90 Performance Upgrade (M5 & M5 Competition),AC Schnitzer,Tuning Box,2020-12-03T08:09:19+00:00,48873.00,48873.00,5000,True,1100290710-36
378,5958676316319,AC Schnitzer BMW F90 Performance Upgrade (M5 & M5 Competition),AC Schnitzer,Tuning Box,2020-12-03T08:09:19+00:00,48873.00,48873.00,5000,True,1100290710-36-Comp
379,5946871840927,AC Schnitzer BMW F80 F82 F83 510HP Performance Upgrade (M3 & M4),AC Schnitzer,Tuning Box,2020-11-30T13:01:22+00:00,26387.00,26387.00,20000,True,1100280350-36
380,5927247872159,"BMS Honda 1.5L 2.0L Turbo JB4 Tuning Box (Inc. Civic, Accord & CR-V)",BMS,Tuning Box Accessories,2020-11-26T05:15:14+00:00,2499.00,,2000,False,BMS150
381,5920548454559,AC Schnitzer BMW F87 M2 Competition 500hp Performance Upgrade,AC Schnitzer,Tuning Box,2020-11-24T13:46:56+00:00,26387.00,26387.00,5000,True,1100287510-36
382,5920548323487,AC Schnitzer BMW F87 M2 420hp Performance Upgrade,AC Schnitzer,Tuning Box,2020-11-24T13:54:46+00:00,23369.00,23369.00,5000,True,1100287310-36
383,5896663171231,Ventura BMW B48 G30 G31 530e Tuning Box,Ventura,Tuning Box,2020-11-18T06:02:53+00:00,2276.00,2297.00,2000,True,BMW-51036
384,5891879567519,BMS Alfa Romeo 2.9L QV Quadrifoglio JB4 BETA Tuning Box (Giulia & Stelvio),BMS,Tuning Box Accessories,2020-11-17T04:27:54+00:00,2829.00,,2000,False,BMS147
385,5862085263519,AC Schnitzer BMW G30 G31 540i Performance Upgrade,AC Schnitzer,Tuning Box,2020-11-26T08:38:58+00:00,20065.00,20065.00,5000,True,1100230350-36-540i-1
386,5862085263519,AC Schnitzer BMW G30 G31 540i Performance Upgrade,AC Schnitzer,Tuning Box,2020-11-26T08:38:58+00:00,20863.00,20863.00,5000,True,1100230370-36
387,5773330448543,Evolve BMW F90 M5 Stage 1 & Stage 2 ECU Remap,Evolve,ECU Remap,2020-10-16T12:21:44+01:00,5590.00,,1000,False,EVOLVEF90M5-1
388,5773330448543,Evolve BMW F90 M5 Stage 1 & Stage 2 ECU Remap,Evolve,ECU Remap,2020-10-16T12:21:44+01:00,5590.00,,1000,False,EVOLVEF90M5-2
389,5773330448543,Evolve BMW F90 M5 Stage 1 & Stage 2 ECU Remap,Evolve,ECU Remap,2020-10-16T12:21:44+01:00,5590.00,,1000,False,EVOLVEF90M5-3
390,5773330448543,Evolve BMW F90 M5 Stage 1 & Stage 2 ECU Remap,Evolve,ECU Remap,2020-10-16T12:21:44+01:00,5590.00,,1000,False,EVOLVEF90M5-4
391,5773330448543,Evolve BMW F90 M5 Stage 1 & Stage 2 ECU Remap,Evolve,ECU Remap,2020-10-16T12:21:44+01:00,5590.00,,1000,False,EVOLVEF90M5-5
392,5773330448543,Evolve BMW F90 M5 Stage 1 & Stage 2 ECU Remap,Evolve,ECU Remap,2020-10-16T12:21:44+01:00,5590.00,,1000,False,EVOLVEF90M5-6
393,5773330448543,Evolve BMW F90 M5 Stage 1 & Stage 2 ECU Remap,Evolve,ECU Remap,2020-10-16T12:21:44+01:00,5590.00,,1000,False,EVOLVEF90M5-7
394,5773330448543,Evolve BMW F90 M5 Stage 1 & Stage 2 ECU Remap,Evolve,ECU Remap,2020-10-16T12:21:44+01:00,5590.00,,1000,False,EVOLVEF90M5-8
395,5677987528863,Evolve BMW B58 F32 F33 F36 440i 326HP ECU Remote Remap 2016+,Evolve,ECU Remap,2020-09-22T20:47:18+01:00,2232.00,,1000,False,EVOLVERF3X440i
396,5616515973279,Evolve BMW E90 E92 E93 330i Evolve-R ECU Performance Remap,Evolve,ECU Remap,2020-09-10T10:20:44+01:00,2441.00,,1000,False,EVOLVERE9X330I
397,5403896774815,"BMS Audi Optional JB4 Boost Control Module (Inc. S4, S5, RS3 & TTRS)",BMS,Tuning Box,2020-07-17T15:42:30+01:00,638.00,,1000,False,BMS129
398,5403896774815,"BMS Audi Optional JB4 Boost Control Module (Inc. S4, S5, RS3 & TTRS)",BMS,Tuning Box,2020-07-17T15:42:30+01:00,638.00,,1000,False,BMS130
399,5403869184159,BMS Audi Group 9 8S 8V.5 OPF/GPF JB4 Tuning Box 400hp BETA (RS3 & TTRS),BMS,Tuning Box,2020-07-17T15:33:22+01:00,2546.00,,1000,False,BMS127
400,5403869184159,BMS Audi Group 9 8S 8V.5 OPF/GPF JB4 Tuning Box 400hp BETA (RS3 & TTRS),BMS,Tuning Box,2020-07-17T15:33:22+01:00,2546.00,,1000,False,BMS128
401,4686610563162,"Integrated Engineering Audi Volkswagen 1.8T Gen 3 Performance ECU Remote Tune (MK7 Golf, Sportwagen, Alltrak, Passat B8 & 8V A3)",Integrated Engineering,ECU Remap,2020-05-16T04:37:17+01:00,2454.00,2727.00,2400,True,IESOVN41
402,4685908082778,Evolve BMW N57 F10 F11 530D 245HP ECU Remote Remap 2010 - 2017,Evolve,ECU Remap,2020-05-15T13:44:52+01:00,2232.00,,1000,False,EVOLVERF10530D
403,4685623361626,Integrated Engineering IE Audi Volkswagen 3.2L VR6 FSI Performance ECU Remote Tune (MK5 R32 & 8P A3),Integrated Engineering,ECU Remap,2020-05-15T08:21:33+01:00,2825.00,,100,False,IESOVR11
404,4685604978778,"Integrated Engineering IE Volkswagen 2.5L Automatic Transmission AQ250 Performance ECU Remote Tune (Rabbit, Golf, Jetta, Jetta Sportwagen, Passat & New Beetle)",Integrated Engineering,ECU Remap,2020-05-15T07:08:45+01:00,1304.00,1449.00,100,True,IESOVY1
405,4685585023066,"Integrated Engineering IE Volkswagen 2.5L 5 Cylinder 07K Performance ECU Remote Tune (Rabbit Golf, Jetta, Passat, Sportwagen & New Beetle)",Integrated Engineering,ECU Remap,2020-05-15T07:08:45+01:00,1740.00,1933.00,100,True,IESOVB11
406,4685585023066,"Integrated Engineering IE Volkswagen 2.5L 5 Cylinder 07K Performance ECU Remote Tune (Rabbit Golf, Jetta, Passat, Sportwagen & New Beetle)",Integrated Engineering,ECU Remap,2020-05-15T07:08:45+01:00,2176.00,2418.00,100,True,IESOVB12
407,4679759331418,BMS Alfa Romeo 2.0L JB4 (Giulia & Stelvio),BMS,Tuning Box,2020-05-11T14:12:34+01:00,2499.00,,1000,False,BMS113
408,4677311758426,"Integrated Engineering IE Audi Volkswagen 2.0T FSI TFSI EA113 Performance ECU Remote Tune (MK5 GTI, Jetta, GLI, B6 Passat, 8J TT & 8P A3)",Integrated Engineering,ECU Remap,2020-05-10T14:39:34+01:00,1958.00,2175.00,100,True,IESOVC11
409,4677311758426,"Integrated Engineering IE Audi Volkswagen 2.0T FSI TFSI EA113 Performance ECU Remote Tune (MK5 GTI, Jetta, GLI, B6 Passat, 8J TT & 8P A3)",Integrated Engineering,ECU Remap,2020-05-10T14:39:34+01:00,2176.00,2418.00,100,True,IESOVC12
410,4662639231066,Evolve BMW F91 F92 F93 M8 Competition Remap,Evolve,ECU Remap,2020-04-30T05:21:28+01:00,7453.00,,1000,False,EVOLVEF92M8
411,4662626386010,Evolve BMW B57 G14 G15 840dx 320HP ECU Remote Remap,Evolve,ECU Remap,2020-04-30T05:13:38+01:00,2605.00,,1000,False,EVOLVERG1540DB57
412,4655215476826,Evolve BMW B47 F32 F33 F36 418d 150HP ECU Remote Remap 2016+,Evolve,ECU Remap,2020-04-25T01:15:26+01:00,2232.00,,1000,False,EVOLVERF3X418DB47
413,4655209087066,Evolve BMW B47 F32 F33 F36 425d 224HP ECU Remote Remap 2016+,Evolve,ECU Remap,2020-04-25T01:07:56+01:00,2232.00,,1000,False,EVOLVERF3X425DB47
414,4655204008026,Evolve BMW N57 F32 F33 F36 430d 258HP ECU Remote Remap 2016+,Evolve,ECU Remap,2020-04-25T01:01:34+01:00,2232.00,,1000,False,EVOLVERF3X430DN57
415,4655197847642,Evolve BMW N57 F32 F33 F36 435d 313HP ECU Remote Remap 2016+,Evolve,ECU Remap,2020-04-25T00:57:13+01:00,2232.00,,1000,False,EVOLVERF32435D
416,4655083290714,Evolve BMW N20 F32 F33 F36 428i 245HP ECU Remote Remap,Evolve,ECU Remap,2020-04-24T23:34:48+01:00,2232.00,,1000,False,EVOLVERF32428I
417,4655077064794,Evolve BMW N20 F32 F33 F36 420i 184HP ECU Remote Remap,Evolve,ECU Remap,2020-04-24T23:30:46+01:00,2232.00,,1000,False,EVOLVERF32420I
418,4655061598298,Evolve BMW B47 F32 F33 F36 418d 150HP ECU Remote Remap,Evolve,ECU Remap,2020-04-24T23:19:26+01:00,2232.00,,1000,False,EVOLVERF3X418DB47
419,4655045345370,Evolve BMW N47 F32 F33 F36 420d 184HP ECU Remote Remap 2013 - 2015,Evolve,ECU Remap,2020-04-24T23:06:42+01:00,2232.00,,1000,False,EVOLVERF3X420DN47
420,4654992162906,Evolve BMW N57 F32 F33 F36 430d 258HP ECU Remote Remap 2013 - 2015,Evolve,ECU Remap,2020-04-24T22:26:50+01:00,2232.00,,1000,False,EVOLVERF32430D
421,4654984462426,Evolve BMW N57 F32 F33 F36 435d 313HP ECU Remote Remap 2013 - 2015,Evolve,ECU Remap,2020-04-24T22:20:01+01:00,2232.00,,1000,False,EVOLVERF3X435DN57
422,4654969520218,Evolve BMW N55 F32 F33 F36 435i 306HP ECU Remote Remap,Evolve,ECU Remap,2020-04-24T22:08:20+01:00,2232.00,,1000,False,EVOLVERF3X435i
423,4651410325594,Evolve BMW S58 F97 F98 510HP ECU Remote Remap 2015+ (X3 M / X3 M Competition & X4 M / X4 M Competition,Evolve,ECU Remap,2020-04-22T17:59:56+01:00,5586.00,,1000,False,EVOLVEF9XS58
424,4647086817370,Evolve BMW B47 F32 F33 420D 190HP ECU Remote Remap 2016+,Evolve,ECU Remap,2020-04-20T10:48:53+01:00,2232.00,,1000,False,EVOLVERF3X420DB47
425,4646504104026,Evolve BMW S55 F87 LCI M2 Competition (410HP) ECU Remote Remap / Tuning,Evolve,ECU Remap,2020-04-19T18:30:13+01:00,2605.00,,1000,False,EVOLVERF87M2C
426,4646491029594,Evolve BMW N55 F87 M2 (370HP) Stage 1 / Stage 2 ECU Remote Remap,Evolve,ECU Remap,2020-04-19T17:56:00+01:00,2232.00,,1000,False,EVOLVERF87M2-1
427,4646491029594,Evolve BMW N55 F87 M2 (370HP) Stage 1 / Stage 2 ECU Remote Remap,Evolve,ECU Remap,2020-04-19T17:56:00+01:00,2232.00,,1000,False,EVOLVERF87M2-2
428,4641759592538,Bluespark BMW B47D G20 G21 320d inc. xDrive 140kw/190hp Pro+ Boost Diesel Tuning Module,Bluespark,Tuning Box,2020-04-16T22:31:17+01:00,1322.00,1392.00,1000,True,pb-6802
429,4641759592538,Bluespark BMW B47D G20 G21 320d inc. xDrive 140kw/190hp Pro+ Boost Diesel Tuning Module,Bluespark,Tuning Box,2020-04-16T22:31:17+01:00,1558.00,1640.00,1000,True,pb-6802-BT
430,4634723582042,Evolve BMW F90 M5 Stage 1 & Stage 2 ECU Remote Remap,Evolve,ECU Remap,2020-04-13T12:46:27+01:00,5962.00,,1000,False,EVOLVERF90M5-1
431,4634723582042,Evolve BMW F90 M5 Stage 1 & Stage 2 ECU Remote Remap,Evolve,ECU Remap,2020-04-13T12:46:27+01:00,5962.00,,1000,False,EVOLVERF90M5-2
432,4634723582042,Evolve BMW F90 M5 Stage 1 & Stage 2 ECU Remote Remap,Evolve,ECU Remap,2020-04-13T12:46:27+01:00,5962.00,,1000,False,EVOLVERF90M5-3
433,4634723582042,Evolve BMW F90 M5 Stage 1 & Stage 2 ECU Remote Remap,Evolve,ECU Remap,2020-04-13T12:46:27+01:00,5962.00,,1000,False,EVOLVERF90M5-4
434,4634723582042,Evolve BMW F90 M5 Stage 1 & Stage 2 ECU Remote Remap,Evolve,ECU Remap,2020-04-13T12:46:27+01:00,5962.00,,1000,False,EVOLVERF90M5-5
435,4634723582042,Evolve BMW F90 M5 Stage 1 & Stage 2 ECU Remote Remap,Evolve,ECU Remap,2020-04-13T12:46:27+01:00,5962.00,,1000,False,EVOLVERF90M5-6
436,4634723582042,Evolve BMW F90 M5 Stage 1 & Stage 2 ECU Remote Remap,Evolve,ECU Remap,2020-04-13T12:46:27+01:00,5962.00,,1000,False,EVOLVERF90M5-7
437,4634723582042,Evolve BMW F90 M5 Stage 1 & Stage 2 ECU Remote Remap,Evolve,ECU Remap,2020-04-13T12:46:27+01:00,5962.00,,1000,False,EVOLVERF90M5-8
438,4633392382042,"Bluespark BMW S55 F80 F82 F87 Pro Petrol Module Tuning Box (M2 Competition, M3 & M4)",Bluespark,Tuning Box,2020-04-12T10:02:29+01:00,1416.00,1491.00,2000,True,pt-9757
439,4633392382042,"Bluespark BMW S55 F80 F82 F87 Pro Petrol Module Tuning Box (M2 Competition, M3 & M4)",Bluespark,Tuning Box,2020-04-12T10:02:29+01:00,1416.00,1491.00,2000,True,pt-9729
440,4633392382042,"Bluespark BMW S55 F80 F82 F87 Pro Petrol Module Tuning Box (M2 Competition, M3 & M4)",Bluespark,Tuning Box,2020-04-12T10:02:29+01:00,1416.00,1491.00,2000,True,pt-9730
441,4633392382042,"Bluespark BMW S55 F80 F82 F87 Pro Petrol Module Tuning Box (M2 Competition, M3 & M4)",Bluespark,Tuning Box,2020-04-12T10:02:29+01:00,1416.00,1491.00,2000,True,pt-9732
442,4633392382042,"Bluespark BMW S55 F80 F82 F87 Pro Petrol Module Tuning Box (M2 Competition, M3 & M4)",Bluespark,Tuning Box,2020-04-12T10:02:29+01:00,1416.00,1491.00,2000,True,pt-9733
443,4633392382042,"Bluespark BMW S55 F80 F82 F87 Pro Petrol Module Tuning Box (M2 Competition, M3 & M4)",Bluespark,Tuning Box,2020-04-12T10:02:29+01:00,1652.00,1739.00,2000,True,pt-9757-BT
444,4633392382042,"Bluespark BMW S55 F80 F82 F87 Pro Petrol Module Tuning Box (M2 Competition, M3 & M4)",Bluespark,Tuning Box,2020-04-12T10:02:29+01:00,1652.00,1739.00,2000,True,pt-9729-BT
445,4633392382042,"Bluespark BMW S55 F80 F82 F87 Pro Petrol Module Tuning Box (M2 Competition, M3 & M4)",Bluespark,Tuning Box,2020-04-12T10:02:29+01:00,1652.00,1739.00,2000,True,pt-9730-BT
446,4633392382042,"Bluespark BMW S55 F80 F82 F87 Pro Petrol Module Tuning Box (M2 Competition, M3 & M4)",Bluespark,Tuning Box,2020-04-12T10:02:29+01:00,1652.00,1739.00,2000,True,pt-9732-BT
447,4633392382042,"Bluespark BMW S55 F80 F82 F87 Pro Petrol Module Tuning Box (M2 Competition, M3 & M4)",Bluespark,Tuning Box,2020-04-12T10:02:29+01:00,1652.00,1739.00,2000,True,pt-9733-BT
448,4633384779866,Evolve BMW B38 F30 F31 F34 F35 318i 136HP ECU Remote Remap 2015+,Evolve,ECU Remap,2020-04-12T09:52:28+01:00,2232.00,,1000,False,EVOLVERF3X318IB38
449,4633378455642,Evolve BMW B48 F30 F31 F34 F35 320i 184HP ECU Remote Remap 2015+,Evolve,ECU Remap,2020-04-12T09:45:36+01:00,2232.00,,1000,False,EVOLVERF3X320iB48
450,4633373638746,Evolve BMW B48 F30 F31 F34 F35 330i 252HP ECU Remote Remap 2015+,Evolve,ECU Remap,2020-04-12T09:39:49+01:00,2232.00,,1000,False,EVOLVERF3X330IB48
451,4633367216218,Evolve BMW B58 F30 F31 F34 F35 340i 326HP ECU Remote Remap 2015+,Evolve,ECU Remap,2020-04-12T09:30:19+01:00,2232.00,,1000,False,EVOLVERF3X340iB58
452,4633128108122,Evolve BMW B47 F30 F31 F34 316D 116HP ECU Remote Remap 2015+,Evolve,ECU Remap,2020-04-12T03:45:41+01:00,2232.00,,1000,False,EVOLVERF3X316DB47
453,4633126273114,Evolve BMW B47 F30 F31 F34 318d 150HP ECU Remote Remap 2015+,Evolve,ECU Remap,2020-04-12T03:42:45+01:00,2232.00,,1000,False,EVOLVERF3X318DB47
454,4633124864090,Evolve BMW B47 F30 F31 F34 320D 190HP ECU Remote Remap 2015+,Evolve,ECU Remap,2020-04-12T03:40:01+01:00,2232.00,,1000,False,EVOLVERF3X320DB47
455,4633122766938,Evolve BMW B47 F30 F31 F34 325D 224HP ECU Remote Remap 2015+,Evolve,ECU Remap,2020-04-12T03:35:45+01:00,2232.00,,1000,False,EVOLVERF3X325DB47
456,4633120047194,Evolve BMW N57 F30 F31 F34 330D 258HP ECU Remote Remap 2015+,Evolve,ECU Remap,2020-04-12T03:30:03+01:00,2232.00,,1000,False,EVOLVERF3X330DN57
457,4633117229146,Evolve BMW N57 F30 F31 F34 335D 313HP ECU Remote Remap 2015+,Evolve,ECU Remap,2020-04-12T03:25:00+01:00,2232.00,,1000,False,EVOLVERF3X335DN57
458,4633110413402,Evolve BMW B47 G20 318d 150HP ECU Remote Remap,Evolve,ECU Remap,2020-04-12T03:14:38+01:00,2605.00,,1000,False,EVOLVERG2X318D
459,4633108447322,Evolve BMW B47 G20 330d 265HP ECU Remote Remap,Evolve,ECU Remap,2020-04-12T03:10:39+01:00,2605.00,,1000,False,EVOLVERG2X330D
460,4633104220250,Evolve BMW B48 G20 320i 184HP ECU Remote Remap,Evolve,ECU Remap,2020-04-12T03:02:17+01:00,2232.00,,1000,False,EVOLVERG2X320i
461,4633101107290,Evolve BMW B47 G20 320d 190HP ECU Remote Remap,Evolve,ECU Remap,2020-04-12T02:56:36+01:00,2605.00,,1000,False,EVOLVERG2X320D
462,4633096749146,Evolve BMW B58 G20 M340i 374HP ECU Remote Remap,Evolve,ECU Remap,2020-04-12T02:46:45+01:00,2232.00,,1000,False,EVOLVERG2XM340IB58
463,4633090719834,Evolve BMW N47 F30 F31 316D 116HP ECU Remote Remap 2011 - 2015,Evolve,ECU Remap,2020-04-12T02:35:35+01:00,2232.00,,1000,False,EVOLVERF3X316DN47
464,4633085509722,Evolve BMW N47 F30 F31 F34 320D 184HP ECU Remote Remap 2011 - 2015,Evolve,ECU Remap,2020-04-12T02:25:39+01:00,2232.00,,1000,False,EVOLVERF30320D
465,4633084592218,Evolve BMW N47 F30 F31 F34 325D 218HP ECU Remote Remap 2011 - 2015,Evolve,ECU Remap,2020-04-12T02:23:07+01:00,2232.00,,1000,False,EVOLVERF30325D
466,4633082134618,Evolve BMW N57 F30 F31 F34 330D 258HP ECU Remote Remap 2011 - 2015,Evolve,ECU Remap,2020-04-12T02:18:47+01:00,2232.00,,1000,False,EVOLVERF30330D
467,4633068994650,Evolve BMW N57 F30 F31 F34 335D 313HP ECU Remote Remap 2011 - 2015,Evolve,ECU Remap,2020-04-12T02:06:27+01:00,2232.00,,1000,False,EVOLVERF30335D
468,4407625744474,Bluespark Volkswagen Scirocco Pro Petrol Tuning Module 2.0 TSI,Bluespark,Tuning Box,2019-11-26T04:29:31+00:00,826.00,870.00,1000,True,pt-6366
469,4407625744474,Bluespark Volkswagen Scirocco Pro Petrol Tuning Module 2.0 TSI,Bluespark,Tuning Box,2019-11-26T04:29:31+00:00,1062.00,1118.00,1000,True,pt-6366-BT
470,1853650731098,Bluespark BMW F31 330d Pro + Boost Diesel Tuning Module,Bluespark,Tuning Box,2019-06-17T11:45:22+01:00,1322.00,1392.00,1000,True,pb-643
471,1853650731098,Bluespark BMW F31 330d Pro + Boost Diesel Tuning Module,Bluespark,Tuning Box,2019-06-17T11:45:22+01:00,1558.00,1640.00,1000,True,pb-643-BT
472,1657200115802,"BMS Mercedes-Benz C63 E63 JB4 (C-Class, E-Class, GLC & GTS)",BMS,Tuning Box,2016-07-19T23:59:00+01:00,3774.00,,1000,False,BMS044
473,1656619532378,Blackbox BMW 435D (313PS) Diesel Tuner,Blackbox,Tuning Box,2016-07-19T23:59:00+01:00,1377.00,1391.00,1000,True,pb-6631
474,1592704860250,034Motorsport Audi 2.5TFSI EVO Performance Software (8V/8S RS3/TTRS),034Motorsport,ECU Remap,2018-12-12T16:11:13+00:00,4129.00,,0,False,034-25TFSI-EA855-EVO
475,1592698568794,034Motorsport Dynamic+ DSG Software Upgrade For Audi 8V.5 RS3 AND 8S TTRS DQ500 Transmission,034Motorsport,ECU Remap,2018-12-12T16:11:13+00:00,2982.00,,0,False,034-DQ500-MQB
476,1478735462490,Evolve BMW S55 ECU Performance Remap with Evolve-R (F80 M3 & F82 M4),Evolve,ECU Remap,2018-03-09T11:29:25+00:00,2605.00,,1000,True,EVOLVERF82M4-001
477,1478735462490,Evolve BMW S55 ECU Performance Remap with Evolve-R (F80 M3 & F82 M4),Evolve,ECU Remap,2018-03-09T11:29:25+00:00,2605.00,,1000,True,EVOLVERF82M4-002
478,1478735462490,Evolve BMW S55 ECU Performance Remap with Evolve-R (F80 M3 & F82 M4),Evolve,ECU Remap,2018-03-09T11:29:25+00:00,2605.00,,1000,True,EVOLVERF82M4-003
479,1478735462490,Evolve BMW S55 ECU Performance Remap with Evolve-R (F80 M3 & F82 M4),Evolve,ECU Remap,2018-03-09T11:29:25+00:00,2605.00,,1000,True,EVOLVERF82M4-004
480,1478735462490,Evolve BMW S55 ECU Performance Remap with Evolve-R (F80 M3 & F82 M4),Evolve,ECU Remap,2018-03-09T11:29:25+00:00,2605.00,,1000,True,EVOLVERF82M4-005
481,1478735462490,Evolve BMW S55 ECU Performance Remap with Evolve-R (F80 M3 & F82 M4),Evolve,ECU Remap,2018-03-09T11:29:25+00:00,2605.00,,1000,True,EVOLVERF82M4-006
482,1478735462490,Evolve BMW S55 ECU Performance Remap with Evolve-R (F80 M3 & F82 M4),Evolve,ECU Remap,2018-03-09T11:29:25+00:00,2605.00,,1000,True,EVOLVERF82M4-007
483,1478735462490,Evolve BMW S55 ECU Performance Remap with Evolve-R (F80 M3 & F82 M4),Evolve,ECU Remap,2018-03-09T11:29:25+00:00,2605.00,,1000,True,EVOLVERF82M4-008
484,1354414325850,"034Motorsport 07K Stage 1 + SRI Performance ECU Upgrade, MKV Volkswagen Jetta/Rabbit 2.5L",034Motorsport,ECU Remap,2024-11-27T23:38:25+00:00,2773.00,2800.00,1000,True,034-103-2202
485,1354411704410,"034Motorsport 07K Stage 1 Performance ECU Upgrade, MKV Volkswagen Jetta/Rabbit 2.5L",034Motorsport,ECU Remap,2024-11-27T23:38:23+00:00,1590.00,1621.00,3400,False,034-103-2200
486,1338312392794,BMS Porsche Panamera V6 JB4 BETA Tuning Box,BMS,Tuning Box,2017-07-17T16:07:00+01:00,3302.00,,1000,False,POR-JB4
487,1338305052762,"BMS Mercedes-Benz C-Class Stage 1 Tuner 2015+ (C200, C250, C300, C400, C43 & C450)",BMS,Tuning Box,2017-07-17T16:07:00+01:00,2155.00,,1000,False,MB-JB1
488,11158131732,Ventura BMW Tuning Box F30 F31 (320d),Ventura,Tuning Box,2020-05-07T04:01:39+01:00,2276.00,2297.00,2000,True,V-F30-320d-190
489,11158064212,Ventura BMW Tuning Box F30 F31 (320d xDrive),Ventura,Tuning Box,2020-05-07T04:01:11+01:00,2276.00,2297.00,2000,True,V-F30-320dx-190
490,11091189396,Ventura BMW B48 Tuning Box F30 F31 (330i),Ventura,Tuning Box,2020-05-07T04:00:43+01:00,2276.00,2297.00,2000,True,V-F30-B48-330i
491,8759733223645,"MHD BMW B58 N55 S55 S58 CAN FlexFuel Analyzer QuickInstall Kit (Inc. M340i, M2 Competition, M3 & X4M)",ML Performance,ECU Remap,2024-08-13T06:20:43+01:00,2435.00,2435.00,2000,True,MHD-ECA-FLEXFUEL-N55/S55
492,8759733223645,"MHD BMW B58 N55 S55 S58 CAN FlexFuel Analyzer QuickInstall Kit (Inc. M340i, M2 Competition, M3 & X4M)",ML Performance,ECU Remap,2024-08-13T06:20:43+01:00,2435.00,2435.00,2000,True,MHD-ECA-FLEXFUEL-F-B58
493,8759733223645,"MHD BMW B58 N55 S55 S58 CAN FlexFuel Analyzer QuickInstall Kit (Inc. M340i, M2 Competition, M3 & X4M)",ML Performance,ECU Remap,2024-08-13T06:20:43+01:00,2435.00,2435.00,2000,True,MHD-ECA-FLEXFUEL-G-B58/S58
494,8759733223645,"MHD BMW B58 N55 S55 S58 CAN FlexFuel Analyzer QuickInstall Kit (Inc. M340i, M2 Competition, M3 & X4M)",ML Performance,ECU Remap,2024-08-13T06:20:43+01:00,2932.00,2932.00,2000,True,MHD-ECA-FLEXFUEL-G-B58/S58-1.5/2.5
495,8759733223645,"MHD BMW B58 N55 S55 S58 CAN FlexFuel Analyzer QuickInstall Kit (Inc. M340i, M2 Competition, M3 & X4M)",ML Performance,ECU Remap,2024-08-13T06:20:43+01:00,2932.00,2932.00,2000,True,MHD-ECA-FLEXFUEL-G-B58/S58-1/2
496,8759733223645,"MHD BMW B58 N55 S55 S58 CAN FlexFuel Analyzer QuickInstall Kit (Inc. M340i, M2 Competition, M3 & X4M)",ML Performance,ECU Remap,2024-08-13T06:20:43+01:00,2435.00,2435.00,2000,True,MHD-ECA-FLEXFUEL-OPENWIRE
497,8760001233117,Bluespark Ford Ranger Raptor 3.0 V6 ECOBOOST 4WD 397PS Pro Petrol Tuning Module,Bluespark,Tuning Box,2024-08-13T12:43:01+01:00,1888.00,1988.00,1000,True,PTS-12140
498,8760001233117,Bluespark Ford Ranger Raptor 3.0 V6 ECOBOOST 4WD 397PS Pro Petrol Tuning Module,Bluespark,Tuning Box,2024-08-13T12:43:01+01:00,2124.00,2236.00,1000,True,PTS-12140-BT
499,8767324618973,Bluespark BMW E90 E92 N57 325d Pro + Boost Diesel Tuning Module,Bluespark,Tuning Box,2024-08-19T07:02:39+01:00,1322.00,1392.00,1000,True,pb-627
500,8767324618973,Bluespark BMW E90 E92 N57 325d Pro + Boost Diesel Tuning Module,Bluespark,Tuning Box,2024-08-19T07:02:39+01:00,1558.00,1640.00,1000,True,pb-627-BT
501,8798347624669,Bluespark Skoda Octavia 2.0 TSI RS 245PS Pro Petrol Tuning Module,Bluespark,Tuning Box,2024-09-13T11:06:26+01:00,826.00,870.00,1000,True,PT-11417
502,8798347624669,Bluespark Skoda Octavia 2.0 TSI RS 245PS Pro Petrol Tuning Module,Bluespark,Tuning Box,2024-09-13T11:06:26+01:00,1062.00,1118.00,1000,True,PT-11417-BT
503,8837300912349,Bluespark VW T-Roc R 2.0 296PS Bluespark Pro Petrol Tuning Module,Bluespark,Tuning Box,2024-10-29T12:35:28+00:00,869.00,944.00,3000,True,PT-10387
504,8837300912349,Bluespark VW T-Roc R 2.0 296PS Bluespark Pro Petrol Tuning Module,Bluespark,Tuning Box,2024-10-29T12:35:28+00:00,1097.00,1193.00,3000,True,PT-10387-BT
505,14810151649663,Bluespark VW T-Roc R 296PS (Pre 2021) 300PS 3-Channel Pro Petrol Tuning Module,Bluespark,Tuning Box,2024-11-05T12:53:27+00:00,1372.00,1491.00,1000,True,24PT-10387
506,14810151649663,Bluespark VW T-Roc R 296PS (Pre 2021) 300PS 3-Channel Pro Petrol Tuning Module,Bluespark,Tuning Box,2024-11-05T12:53:27+00:00,1600.00,1739.00,1000,True,24PT-10387-BT
507,14911755682175,Bluespark MINI F54 B46 Clubman S 2.0T 192PS Pro Petrol Tuning Module,Bluespark,Tuning Box,2025-01-15T07:35:58+00:00,826.00,870.00,1000,True,pt-9635
508,14911755682175,Bluespark MINI F54 B46 Clubman S 2.0T 192PS Pro Petrol Tuning Module,Bluespark,Tuning Box,2025-01-15T07:35:58+00:00,1062.00,1118.00,1000,True,pt-9635-BT
509,14958845788543,Xatrix Toyota A90 GR Supra Xatrix470 Tuning Package with Eddy Catalytic Downpipe,Xatrix,,2025-02-26T23:39:23+00:00,12335.00,12457.00,44000,True,Xatrix-470-A223E
510,14971061010815,"[TEST] 034Motorsport 07K Stage 1 Performance ECU Upgrade, MKV Volkswagen Jetta/Rabbit 2.5L (Copy)",034Motorsport,ECU Remap,2025-03-07T05:59:42+00:00,0.00,0.00,12000,True,034-103-2200-TEST
